Run,Assay Type,AvgSpotLen,Bases,BioProject,BioSample,Bytes,cell_type,Center Name,Consent,ctc-cluster_id,ctc-cluster_size,DATASTORE filetype,DATASTORE provider,DATASTORE region,donor,Experiment,GEO_Accession (exp),Instrument,LibraryLayout,LibrarySelection,LibrarySource,mouse_type,number_of_cells,number_of_ctc,number_of_wbc_attached,Organism,origin,Platform,ReleaseDate,sample_cell_type_cat,sample_cell_type,Sample Name,SAMPLE_TYPE,source_name,SRA Study,treatment
SRR6767864,RNA-Seq,76,177576128,PRJNA435739,SAMN08595785,68215910,CTC,GEO,public,NA,NA,"fastq,sra","gs,ncbi,s3","gs.US,ncbi.public,s3.us-east-1",Br37,SRX3739066,GSM3021472,NextSeq 500,SINGLE,cDNA,TRANSCRIPTOMIC,NA,1,1,0,Homo sapiens,patient,ILLUMINA,2019-01-23T00:00:00Z,CTC.single.ctc,CTC.single.ctc,GSM3021472,CTC-single,Br37_1,SRP133387,NA
SRR6767865,RNA-Seq,76,152230736,PRJNA435739,SAMN08595784,59336641,CTC,GEO,public,NA,NA,"fastq,sra","gs,ncbi,s3","gs.US,ncbi.public,s3.us-east-1",Br37,SRX3739067,GSM3021473,NextSeq 500,SINGLE,cDNA,TRANSCRIPTOMIC,NA,1,1,0,Homo sapiens,patient,ILLUMINA,2019-01-23T00:00:00Z,CTC.single.ctc,CTC.single.ctc,GSM3021473,CTC-single,Br37_2,SRP133387,NA
SRR6767866,RNA-Seq,76,199743200,PRJNA435739,SAMN08595783,76116762,CTC,GEO,public,NA,NA,"fastq,sra","gs,ncbi,s3","gs.US,ncbi.public,s3.us-east-1",Br38,SRX3739068,GSM3021474,NextSeq 500,SINGLE,cDNA,TRANSCRIPTOMIC,NA,1,1,0,Homo sapiens,patient,ILLUMINA,2019-01-23T00:00:00Z,CTC.single.ctc,CTC.single.ctc,GSM3021474,CTC-single,Br38_5,SRP133387,NA
SRR6767867,RNA-Seq,76,75537312,PRJNA435739,SAMN08595782,29197266,CTC,GEO,public,NA,NA,"fastq,sra","gs,ncbi,s3","gs.US,ncbi.public,s3.us-east-1",Br38,SRX3739069,GSM3021475,NextSeq 500,SINGLE,cDNA,TRANSCRIPTOMIC,NA,1,1,0,Homo sapiens,patient,ILLUMINA,2019-01-23T00:00:00Z,CTC.single.ctc,CTC.single.ctc,GSM3021475,CTC-single,Br38_6,SRP133387,NA
SRR6767868,RNA-Seq,76,194773484,PRJNA435739,SAMN08595781,74849576,CTC,GEO,public,cBr23-7,4,"fastq,sra","gs,ncbi,s3","gs.US,ncbi.public,s3.us-east-1",Br23,SRX3739070,GSM3021476,NextSeq 500,SINGLE,cDNA,TRANSCRIPTOMIC,NA,1,1,0,Homo sapiens,patient,ILLUMINA,2019-01-23T00:00:00Z,CTC.cluster.ctc,CTC.cluster.ctc,GSM3021476,CTC-cluster,Br23_20,SRP133387,NA
SRR6767869,RNA-Seq,76,196289760,PRJNA435739,SAMN08595780,75917519,CTC,GEO,public,cBr23-8,2,"fastq,sra","gs,ncbi,s3","gs.US,ncbi.public,s3.us-east-1",Br23,SRX3739071,GSM3021477,NextSeq 500,SINGLE,cDNA,TRANSCRIPTOMIC,NA,1,1,0,Homo sapiens,patient,ILLUMINA,2019-01-23T00:00:00Z,CTC.cluster.ctc,CTC.cluster.ctc,GSM3021477,CTC-cluster,Br23_23,SRP133387,NA
SRR6767870,RNA-Seq,76,225632828,PRJNA435739,SAMN08595779,86857453,CTC,GEO,public,cBr23-10,4,"fastq,sra","gs,ncbi,s3","gs.US,ncbi.public,s3.us-east-1",Br23,SRX3739072,GSM3021478,NextSeq 500,SINGLE,cDNA,TRANSCRIPTOMIC,NA,1,1,0,Homo sapiens,patient,ILLUMINA,2019-01-23T00:00:00Z,CTC.cluster.ctc,CTC.cluster.ctc,GSM3021478,CTC-cluster,Br23_26,SRP133387,NA
SRR6767871,RNA-Seq,76,195743016,PRJNA435739,SAMN08595778,75655673,CTC,GEO,public,cBr23-10,4,"fastq,sra","gs,ncbi,s3","gs.US,ncbi.public,s3.us-east-1",Br23,SRX3739073,GSM3021479,NextSeq 500,SINGLE,cDNA,TRANSCRIPTOMIC,NA,3,3,0,Homo sapiens,patient,ILLUMINA,2019-01-23T00:00:00Z,CTC.cluster.ctc,CTC.cluster.ctc,GSM3021479,CTC-cluster,Br23_27,SRP133387,NA
SRR6767872,RNA-Seq,76,217040040,PRJNA435739,SAMN08595777,83270684,CTC,GEO,public,NA,NA,"fastq,sra","gs,ncbi,s3","gs.US,ncbi.public,s3.us-east-1",Br23,SRX3739074,GSM3021480,NextSeq 500,SINGLE,cDNA,TRANSCRIPTOMIC,NA,1,1,0,Homo sapiens,patient,ILLUMINA,2019-01-23T00:00:00Z,CTC.single.ctc,CTC.single.ctc,GSM3021480,CTC-single,Br23_28,SRP133387,NA
SRR6767873,RNA-Seq,76,181639392,PRJNA435739,SAMN08595776,69997756,CTC,GEO,public,NA,NA,"fastq,sra","gs,ncbi,s3","gs.US,ncbi.public,s3.us-east-1",Br44,SRX3739075,GSM3021481,NextSeq 500,SINGLE,cDNA,TRANSCRIPTOMIC,NA,1,1,0,Homo sapiens,patient,ILLUMINA,2019-01-23T00:00:00Z,CTC.single.ctc,CTC.single.ctc,GSM3021481,CTC-single,Br44_3,SRP133387,NA
SRR6767874,RNA-Seq,76,283399592,PRJNA435739,SAMN08595775,108747567,CTC,GEO,public,NA,NA,"fastq,sra","gs,ncbi,s3","gs.US,ncbi.public,s3.us-east-1",Br38,SRX3739076,GSM3021482,NextSeq 500,SINGLE,cDNA,TRANSCRIPTOMIC,NA,1,1,0,Homo sapiens,patient,ILLUMINA,2019-01-23T00:00:00Z,CTC.single.ctc,CTC.single.ctc,GSM3021482,CTC-single,Br38_12,SRP133387,NA
SRR6767875,RNA-Seq,76,473923232,PRJNA435739,SAMN08595774,183028531,CTC,GEO,public,NA,NA,"fastq,sra","gs,ncbi,s3","gs.US,ncbi.public,s3.us-east-1",Br39,SRX3739077,GSM3021483,NextSeq 500,SINGLE,cDNA,TRANSCRIPTOMIC,NA,1,1,0,Homo sapiens,patient,ILLUMINA,2019-01-23T00:00:00Z,CTC.single.ctc,CTC.single.ctc,GSM3021483,CTC-single,Br39_15,SRP133387,NA
SRR6767876,RNA-Seq,76,511743644,PRJNA435739,SAMN08595773,196618658,CTC,GEO,public,NA,NA,"fastq,sra","gs,ncbi,s3","gs.US,ncbi.public,s3.us-east-1",Br39,SRX3739078,GSM3021484,NextSeq 500,SINGLE,cDNA,TRANSCRIPTOMIC,NA,1,1,0,Homo sapiens,patient,ILLUMINA,2019-01-23T00:00:00Z,CTC.single.ctc,CTC.single.ctc,GSM3021484,CTC-single,Br39_16,SRP133387,NA
SRR6767877,RNA-Seq,76,348808688,PRJNA435739,SAMN08595772,135196493,CTC,GEO,public,cBr39-1,2,"fastq,sra","gs,ncbi,s3","gs.US,ncbi.public,s3.us-east-1",Br39,SRX3739079,GSM3021485,NextSeq 500,SINGLE,cDNA,TRANSCRIPTOMIC,NA,2,2,0,Homo sapiens,patient,ILLUMINA,2019-01-23T00:00:00Z,CTC.cluster.ctc,CTC.cluster.ctc,GSM3021485,CTC-cluster,Br39_23,SRP133387,NA
SRR6767878,RNA-Seq,76,523098880,PRJNA435739,SAMN08595771,201215898,CTC,GEO,public,NA,NA,"fastq,sra","gs,ncbi,s3","gs.US,ncbi.public,s3.us-east-1",Br39,SRX3739080,GSM3021486,NextSeq 500,SINGLE,cDNA,TRANSCRIPTOMIC,NA,1,1,0,Homo sapiens,patient,ILLUMINA,2019-01-23T00:00:00Z,CTC.single.ctc,CTC.single.ctc,GSM3021486,CTC-single,Br39_28,SRP133387,NA
SRR6767879,RNA-Seq,76,241442272,PRJNA435739,SAMN08595770,93627783,CTC,GEO,public,NA,NA,"fastq,sra","gs,ncbi,s3","gs.US,ncbi.public,s3.us-east-1",Br39,SRX3739081,GSM3021487,NextSeq 500,SINGLE,cDNA,TRANSCRIPTOMIC,NA,1,1,0,Homo sapiens,patient,ILLUMINA,2019-01-23T00:00:00Z,CTC.single.ctc,CTC.single.ctc,GSM3021487,CTC-single,Br39_1,SRP133387,NA
SRR6767880,RNA-Seq,76,71939396,PRJNA435739,SAMN08595769,27632928,CTC,GEO,public,NA,NA,"fastq,sra","gs,ncbi,s3","gs.US,ncbi.public,s3.us-east-1",Br11,SRX3739082,GSM3021488,NextSeq 500,SINGLE,cDNA,TRANSCRIPTOMIC,NA,1,1,0,Homo sapiens,patient,ILLUMINA,2019-01-23T00:00:00Z,CTC.single.ctc,CTC.single.ctc,GSM3021488,CTC-single,Br11_1,SRP133387,NA
SRR6767881,RNA-Seq,76,96324832,PRJNA435739,SAMN08595769,38061553,CTC,GEO,public,NA,NA,"fastq,sra","gs,ncbi,s3","gs.US,ncbi.public,s3.us-east-1",Br11,SRX3739082,GSM3021488,NextSeq 500,SINGLE,cDNA,TRANSCRIPTOMIC,NA,1,1,0,Homo sapiens,patient,ILLUMINA,2019-01-23T00:00:00Z,CTC.single.ctc,CTC.single.ctc,GSM3021488,CTC-single,Br11_1,SRP133387,NA
SRR6767882,RNA-Seq,76,79139940,PRJNA435739,SAMN08595768,30388950,CTC,GEO,public,cBr11-2,2,"fastq,sra","gs,ncbi,s3","gs.US,ncbi.public,s3.us-east-1",Br11,SRX3739083,GSM3021489,NextSeq 500,SINGLE,cDNA,TRANSCRIPTOMIC,NA,2,2,0,Homo sapiens,patient,ILLUMINA,2019-01-23T00:00:00Z,CTC.cluster.ctc,CTC.cluster.ctc,GSM3021489,CTC-cluster,Br11_10,SRP133387,NA
SRR6767883,RNA-Seq,76,105914360,PRJNA435739,SAMN08595768,41761948,CTC,GEO,public,cBr11-2,2,"fastq,sra","gs,ncbi,s3","gs.US,ncbi.public,s3.us-east-1",Br11,SRX3739083,GSM3021489,NextSeq 500,SINGLE,cDNA,TRANSCRIPTOMIC,NA,2,2,0,Homo sapiens,patient,ILLUMINA,2019-01-23T00:00:00Z,CTC.cluster.ctc,CTC.cluster.ctc,GSM3021489,CTC-cluster,Br11_10,SRP133387,NA
SRR6767884,RNA-Seq,76,50099200,PRJNA435739,SAMN08595767,19139441,CTC,GEO,public,NA,NA,"fastq,sra","gs,ncbi,s3","gs.US,ncbi.public,s3.us-east-1",Br11,SRX3739084,GSM3021490,NextSeq 500,SINGLE,cDNA,TRANSCRIPTOMIC,NA,1,1,0,Homo sapiens,patient,ILLUMINA,2019-01-23T00:00:00Z,CTC.single.ctc,CTC.single.ctc,GSM3021490,CTC-single,Br11_11,SRP133387,NA
SRR6767885,RNA-Seq,76,68889060,PRJNA435739,SAMN08595767,27105108,CTC,GEO,public,NA,NA,"fastq,sra","gs,ncbi,s3","gs.US,ncbi.public,s3.us-east-1",Br11,SRX3739084,GSM3021490,NextSeq 500,SINGLE,cDNA,TRANSCRIPTOMIC,NA,1,1,0,Homo sapiens,patient,ILLUMINA,2019-01-23T00:00:00Z,CTC.single.ctc,CTC.single.ctc,GSM3021490,CTC-single,Br11_11,SRP133387,NA
SRR6767886,RNA-Seq,76,69612200,PRJNA435739,SAMN08595766,27005881,CTC,GEO,public,NA,NA,"fastq,sra","gs,ncbi,s3","gs.US,ncbi.public,s3.us-east-1",Br11,SRX3739085,GSM3021491,NextSeq 500,SINGLE,cDNA,TRANSCRIPTOMIC,NA,1,1,0,Homo sapiens,patient,ILLUMINA,2019-01-23T00:00:00Z,CTC.single.ctc,CTC.single.ctc,GSM3021491,CTC-single,Br11_17,SRP133387,NA
SRR6767887,RNA-Seq,76,92497472,PRJNA435739,SAMN08595766,36753718,CTC,GEO,public,NA,NA,"fastq,sra","gs,ncbi,s3","gs.US,ncbi.public,s3.us-east-1",Br11,SRX3739085,GSM3021491,NextSeq 500,SINGLE,cDNA,TRANSCRIPTOMIC,NA,1,1,0,Homo sapiens,patient,ILLUMINA,2019-01-23T00:00:00Z,CTC.single.ctc,CTC.single.ctc,GSM3021491,CTC-single,Br11_17,SRP133387,NA
SRR6767888,RNA-Seq,76,88228172,PRJNA435739,SAMN08595765,33947162,CTC,GEO,public,cBr11-2,2,"fastq,sra","gs,ncbi,s3","gs.US,ncbi.public,s3.us-east-1",Br11,SRX3739086,GSM3021492,NextSeq 500,SINGLE,cDNA,TRANSCRIPTOMIC,NA,2,2,0,Homo sapiens,patient,ILLUMINA,2019-01-23T00:00:00Z,CTC.cluster.ctc,CTC.cluster.ctc,GSM3021492,CTC-cluster,Br11_18,SRP133387,NA
SRR6767889,RNA-Seq,76,117810412,PRJNA435739,SAMN08595765,46509460,CTC,GEO,public,cBr11-2,2,"fastq,sra","gs,ncbi,s3","gs.US,ncbi.public,s3.us-east-1",Br11,SRX3739086,GSM3021492,NextSeq 500,SINGLE,cDNA,TRANSCRIPTOMIC,NA,2,2,0,Homo sapiens,patient,ILLUMINA,2019-01-23T00:00:00Z,CTC.cluster.ctc,CTC.cluster.ctc,GSM3021492,CTC-cluster,Br11_18,SRP133387,NA
SRR6767890,RNA-Seq,76,83934248,PRJNA435739,SAMN08595764,32110744,CTC,GEO,public,NA,NA,"fastq,sra","gs,ncbi,s3","gs.US,ncbi.public,s3.us-east-1",Br11,SRX3739087,GSM3021493,NextSeq 500,SINGLE,cDNA,TRANSCRIPTOMIC,NA,1,1,0,Homo sapiens,patient,ILLUMINA,2019-01-23T00:00:00Z,CTC.single.ctc,CTC.single.ctc,GSM3021493,CTC-single,Br11_19,SRP133387,NA
SRR6767891,RNA-Seq,76,113064972,PRJNA435739,SAMN08595764,44466557,CTC,GEO,public,NA,NA,"fastq,sra","gs,ncbi,s3","gs.US,ncbi.public,s3.us-east-1",Br11,SRX3739087,GSM3021493,NextSeq 500,SINGLE,cDNA,TRANSCRIPTOMIC,NA,1,1,0,Homo sapiens,patient,ILLUMINA,2019-01-23T00:00:00Z,CTC.single.ctc,CTC.single.ctc,GSM3021493,CTC-single,Br11_19,SRP133387,NA
SRR6767892,RNA-Seq,76,59514156,PRJNA435739,SAMN08595763,22967405,CTC,GEO,public,NA,NA,"fastq,sra","gs,ncbi,s3","gs.US,ncbi.public,s3.us-east-1",Br11,SRX3739088,GSM3021494,NextSeq 500,SINGLE,cDNA,TRANSCRIPTOMIC,NA,1,1,0,Homo sapiens,patient,ILLUMINA,2019-01-23T00:00:00Z,CTC.single.ctc,CTC.single.ctc,GSM3021494,CTC-single,Br11_2,SRP133387,NA
SRR6767893,RNA-Seq,76,78802652,PRJNA435739,SAMN08595763,31213856,CTC,GEO,public,NA,NA,"fastq,sra","gs,ncbi,s3","gs.US,ncbi.public,s3.us-east-1",Br11,SRX3739088,GSM3021494,NextSeq 500,SINGLE,cDNA,TRANSCRIPTOMIC,NA,1,1,0,Homo sapiens,patient,ILLUMINA,2019-01-23T00:00:00Z,CTC.single.ctc,CTC.single.ctc,GSM3021494,CTC-single,Br11_2,SRP133387,NA
SRR6767894,RNA-Seq,76,69165852,PRJNA435739,SAMN08595762,26602815,CTC,GEO,public,NA,NA,"fastq,sra","gs,ncbi,s3","gs.US,ncbi.public,s3.us-east-1",Br11,SRX3739089,GSM3021495,NextSeq 500,SINGLE,cDNA,TRANSCRIPTOMIC,NA,1,1,0,Homo sapiens,patient,ILLUMINA,2019-01-23T00:00:00Z,CTC.single.ctc,CTC.single.ctc,GSM3021495,CTC-single,Br11_3,SRP133387,NA
SRR6767895,RNA-Seq,76,92461980,PRJNA435739,SAMN08595762,36504503,CTC,GEO,public,NA,NA,"fastq,sra","gs,ncbi,s3","gs.US,ncbi.public,s3.us-east-1",Br11,SRX3739089,GSM3021495,NextSeq 500,SINGLE,cDNA,TRANSCRIPTOMIC,NA,1,1,0,Homo sapiens,patient,ILLUMINA,2019-01-23T00:00:00Z,CTC.single.ctc,CTC.single.ctc,GSM3021495,CTC-single,Br11_3,SRP133387,NA
SRR6767896,RNA-Seq,76,44934696,PRJNA435739,SAMN08595761,17432880,CTC,GEO,public,NA,NA,"fastq,sra","gs,ncbi,s3","gs.US,ncbi.public,s3.us-east-1",Br11,SRX3739090,GSM3021496,NextSeq 500,SINGLE,cDNA,TRANSCRIPTOMIC,NA,1,1,0,Homo sapiens,patient,ILLUMINA,2019-01-23T00:00:00Z,CTC.single.ctc,CTC.single.ctc,GSM3021496,CTC-single,Br11_4,SRP133387,NA
SRR6767897,RNA-Seq,76,59654452,PRJNA435739,SAMN08595761,23707584,CTC,GEO,public,NA,NA,"fastq,sra","gs,ncbi,s3","gs.US,ncbi.public,s3.us-east-1",Br11,SRX3739090,GSM3021496,NextSeq 500,SINGLE,cDNA,TRANSCRIPTOMIC,NA,1,1,0,Homo sapiens,patient,ILLUMINA,2019-01-23T00:00:00Z,CTC.single.ctc,CTC.single.ctc,GSM3021496,CTC-single,Br11_4,SRP133387,NA
SRR6767898,RNA-Seq,76,60052388,PRJNA435739,SAMN08595666,23147746,CTC,GEO,public,NA,NA,"fastq,sra","gs,ncbi,s3","gs.US,ncbi.public,s3.us-east-1",Br11,SRX3739091,GSM3021497,NextSeq 500,SINGLE,cDNA,TRANSCRIPTOMIC,NA,1,1,0,Homo sapiens,patient,ILLUMINA,2019-01-23T00:00:00Z,CTC.single.ctc,CTC.single.ctc,GSM3021497,CTC-single,Br11_6,SRP133387,NA
SRR6767899,RNA-Seq,76,80544800,PRJNA435739,SAMN08595666,31865173,CTC,GEO,public,NA,NA,"fastq,sra","gs,ncbi,s3","gs.US,ncbi.public,s3.us-east-1",Br11,SRX3739091,GSM3021497,NextSeq 500,SINGLE,cDNA,TRANSCRIPTOMIC,NA,1,1,0,Homo sapiens,patient,ILLUMINA,2019-01-23T00:00:00Z,CTC.single.ctc,CTC.single.ctc,GSM3021497,CTC-single,Br11_6,SRP133387,NA
SRR6767900,RNA-Seq,76,66362516,PRJNA435739,SAMN08595665,25366397,CTC,GEO,public,NA,NA,"fastq,sra","gs,ncbi,s3","gs.US,ncbi.public,s3.us-east-1",Br11,SRX3739092,GSM3021498,NextSeq 500,SINGLE,cDNA,TRANSCRIPTOMIC,NA,1,1,0,Homo sapiens,patient,ILLUMINA,2019-01-23T00:00:00Z,CTC.single.ctc,CTC.single.ctc,GSM3021498,CTC-single,Br11_7,SRP133387,NA
SRR6767901,RNA-Seq,76,89632348,PRJNA435739,SAMN08595665,35246727,CTC,GEO,public,NA,NA,"fastq,sra","gs,ncbi,s3","gs.US,ncbi.public,s3.us-east-1",Br11,SRX3739092,GSM3021498,NextSeq 500,SINGLE,cDNA,TRANSCRIPTOMIC,NA,1,1,0,Homo sapiens,patient,ILLUMINA,2019-01-23T00:00:00Z,CTC.single.ctc,CTC.single.ctc,GSM3021498,CTC-single,Br11_7,SRP133387,NA
SRR6767902,RNA-Seq,76,74829524,PRJNA435739,SAMN08595664,28688213,CTC,GEO,public,NA,NA,"fastq,sra","gs,ncbi,s3","gs.US,ncbi.public,s3.us-east-1",Br11,SRX3739093,GSM3021499,NextSeq 500,SINGLE,cDNA,TRANSCRIPTOMIC,NA,1,1,0,Homo sapiens,patient,ILLUMINA,2019-01-23T00:00:00Z,CTC.single.ctc,CTC.single.ctc,GSM3021499,CTC-single,Br11_8,SRP133387,NA
SRR6767903,RNA-Seq,76,99779488,PRJNA435739,SAMN08595664,39319327,CTC,GEO,public,NA,NA,"fastq,sra","gs,ncbi,s3","gs.US,ncbi.public,s3.us-east-1",Br11,SRX3739093,GSM3021499,NextSeq 500,SINGLE,cDNA,TRANSCRIPTOMIC,NA,1,1,0,Homo sapiens,patient,ILLUMINA,2019-01-23T00:00:00Z,CTC.single.ctc,CTC.single.ctc,GSM3021499,CTC-single,Br11_8,SRP133387,NA
SRR6767904,RNA-Seq,76,66548640,PRJNA435739,SAMN08595663,25530715,CTC,GEO,public,NA,NA,"fastq,sra","gs,ncbi,s3","gs.US,ncbi.public,s3.us-east-1",Br11,SRX3739094,GSM3021500,NextSeq 500,SINGLE,cDNA,TRANSCRIPTOMIC,NA,1,1,0,Homo sapiens,patient,ILLUMINA,2019-01-23T00:00:00Z,CTC.single.ctc,CTC.single.ctc,GSM3021500,CTC-single,Br11_9,SRP133387,NA
SRR6767905,RNA-Seq,76,88949108,PRJNA435739,SAMN08595663,35087387,CTC,GEO,public,NA,NA,"fastq,sra","gs,ncbi,s3","gs.US,ncbi.public,s3.us-east-1",Br11,SRX3739094,GSM3021500,NextSeq 500,SINGLE,cDNA,TRANSCRIPTOMIC,NA,1,1,0,Homo sapiens,patient,ILLUMINA,2019-01-23T00:00:00Z,CTC.single.ctc,CTC.single.ctc,GSM3021500,CTC-single,Br11_9,SRP133387,NA
SRR6767906,RNA-Seq,76,62311640,PRJNA435739,SAMN08595662,24121223,CTC,GEO,public,NA,NA,"fastq,sra","gs,ncbi,s3","gs.US,ncbi.public,s3.us-east-1",Br45,SRX3739095,GSM3021501,NextSeq 500,SINGLE,cDNA,TRANSCRIPTOMIC,NA,1,1,0,Homo sapiens,patient,ILLUMINA,2019-01-23T00:00:00Z,CTC.single.ctc,CTC.single.ctc,GSM3021501,CTC-single,Br45_CTC_2,SRP133387,NA
SRR6767907,RNA-Seq,76,81063272,PRJNA435739,SAMN08595662,32279770,CTC,GEO,public,NA,NA,"fastq,sra","gs,ncbi,s3","gs.US,ncbi.public,s3.us-east-1",Br45,SRX3739095,GSM3021501,NextSeq 500,SINGLE,cDNA,TRANSCRIPTOMIC,NA,1,1,0,Homo sapiens,patient,ILLUMINA,2019-01-23T00:00:00Z,CTC.single.ctc,CTC.single.ctc,GSM3021501,CTC-single,Br45_CTC_2,SRP133387,NA
SRR6767908,RNA-Seq,76,46433112,PRJNA435739,SAMN08595661,18351755,CTC,GEO,public,NA,NA,"fastq,sra","gs,ncbi,s3","gs.US,ncbi.public,s3.us-east-1",Br45,SRX3739096,GSM3021502,NextSeq 500,SINGLE,cDNA,TRANSCRIPTOMIC,NA,1,1,0,Homo sapiens,patient,ILLUMINA,2019-01-23T00:00:00Z,CTC.single.ctc,CTC.single.ctc,GSM3021502,CTC-single,Br45_CTC_3,SRP133387,NA
SRR6767909,RNA-Seq,76,60330700,PRJNA435739,SAMN08595661,24443111,CTC,GEO,public,NA,NA,"fastq,sra","gs,ncbi,s3","gs.US,ncbi.public,s3.us-east-1",Br45,SRX3739096,GSM3021502,NextSeq 500,SINGLE,cDNA,TRANSCRIPTOMIC,NA,1,1,0,Homo sapiens,patient,ILLUMINA,2019-01-23T00:00:00Z,CTC.single.ctc,CTC.single.ctc,GSM3021502,CTC-single,Br45_CTC_3,SRP133387,NA
SRR6767910,RNA-Seq,76,73661784,PRJNA435739,SAMN08595660,28281850,CTC,GEO,public,cBr53-1,2,"fastq,sra","gs,ncbi,s3","gs.US,ncbi.public,s3.us-east-1",Br53,SRX3739097,GSM3021503,NextSeq 500,SINGLE,cDNA,TRANSCRIPTOMIC,NA,2,2,0,Homo sapiens,patient,ILLUMINA,2019-01-23T00:00:00Z,CTC.cluster.ctc,CTC.cluster.ctc,GSM3021503,CTC-cluster,Br53_CTC_1,SRP133387,NA
SRR6767911,RNA-Seq,76,97153840,PRJNA435739,SAMN08595660,38287969,CTC,GEO,public,cBr53-1,2,"fastq,sra","gs,ncbi,s3","gs.US,ncbi.public,s3.us-east-1",Br53,SRX3739097,GSM3021503,NextSeq 500,SINGLE,cDNA,TRANSCRIPTOMIC,NA,2,2,0,Homo sapiens,patient,ILLUMINA,2019-01-23T00:00:00Z,CTC.cluster.ctc,CTC.cluster.ctc,GSM3021503,CTC-cluster,Br53_CTC_1,SRP133387,NA
SRR6767912,RNA-Seq,76,106920904,PRJNA435739,SAMN08595659,40728552,CTC,GEO,public,NA,NA,"fastq,sra","gs,ncbi,s3","gs.US,ncbi.public,s3.us-east-1",Br57,SRX3739098,GSM3021504,NextSeq 500,SINGLE,cDNA,TRANSCRIPTOMIC,NA,1,1,0,Homo sapiens,patient,ILLUMINA,2019-01-23T00:00:00Z,CTC.single.ctc,CTC.single.ctc,GSM3021504,CTC-single,Br57_CTC_10,SRP133387,NA
SRR6767913,RNA-Seq,76,143171156,PRJNA435739,SAMN08595659,56200500,CTC,GEO,public,NA,NA,"fastq,sra","gs,ncbi,s3","gs.US,ncbi.public,s3.us-east-1",Br57,SRX3739098,GSM3021504,NextSeq 500,SINGLE,cDNA,TRANSCRIPTOMIC,NA,1,1,0,Homo sapiens,patient,ILLUMINA,2019-01-23T00:00:00Z,CTC.single.ctc,CTC.single.ctc,GSM3021504,CTC-single,Br57_CTC_10,SRP133387,NA
SRR6767914,RNA-Seq,76,103623112,PRJNA435739,SAMN08595658,39646529,CTC,GEO,public,NA,NA,"fastq,sra","gs,ncbi,s3","gs.US,ncbi.public,s3.us-east-1",Br57,SRX3739099,GSM3021505,NextSeq 500,SINGLE,cDNA,TRANSCRIPTOMIC,NA,1,1,0,Homo sapiens,patient,ILLUMINA,2019-01-23T00:00:00Z,CTC.single.ctc,CTC.single.ctc,GSM3021505,CTC-single,Br57_CTC_11,SRP133387,NA
SRR6767915,RNA-Seq,76,138227432,PRJNA435739,SAMN08595658,54420792,CTC,GEO,public,NA,NA,"fastq,sra","gs,ncbi,s3","gs.US,ncbi.public,s3.us-east-1",Br57,SRX3739099,GSM3021505,NextSeq 500,SINGLE,cDNA,TRANSCRIPTOMIC,NA,1,1,0,Homo sapiens,patient,ILLUMINA,2019-01-23T00:00:00Z,CTC.single.ctc,CTC.single.ctc,GSM3021505,CTC-single,Br57_CTC_11,SRP133387,NA
SRR6767916,RNA-Seq,76,100901476,PRJNA435739,SAMN08595657,38706772,CTC,GEO,public,NA,NA,"fastq,sra","gs,ncbi,s3","gs.US,ncbi.public,s3.us-east-1",Br57,SRX3739100,GSM3021506,NextSeq 500,SINGLE,cDNA,TRANSCRIPTOMIC,NA,1,1,0,Homo sapiens,patient,ILLUMINA,2019-01-23T00:00:00Z,CTC.single.ctc,CTC.single.ctc,GSM3021506,CTC-single,Br57_CTC_12,SRP133387,NA
SRR6767917,RNA-Seq,76,133780976,PRJNA435739,SAMN08595657,52843282,CTC,GEO,public,NA,NA,"fastq,sra","gs,ncbi,s3","gs.US,ncbi.public,s3.us-east-1",Br57,SRX3739100,GSM3021506,NextSeq 500,SINGLE,cDNA,TRANSCRIPTOMIC,NA,1,1,0,Homo sapiens,patient,ILLUMINA,2019-01-23T00:00:00Z,CTC.single.ctc,CTC.single.ctc,GSM3021506,CTC-single,Br57_CTC_12,SRP133387,NA
SRR6767918,RNA-Seq,76,63118076,PRJNA435739,SAMN08595656,24287054,CTC,GEO,public,NA,NA,"fastq,sra","gs,ncbi,s3","gs.US,ncbi.public,s3.us-east-1",Br57,SRX3739101,GSM3021507,NextSeq 500,SINGLE,cDNA,TRANSCRIPTOMIC,NA,1,1,0,Homo sapiens,patient,ILLUMINA,2019-01-23T00:00:00Z,CTC.single.ctc,CTC.single.ctc,GSM3021507,CTC-single,Br57_CTC_13,SRP133387,NA
SRR6767919,RNA-Seq,76,82641944,PRJNA435739,SAMN08595656,32671727,CTC,GEO,public,NA,NA,"fastq,sra","gs,ncbi,s3","gs.US,ncbi.public,s3.us-east-1",Br57,SRX3739101,GSM3021507,NextSeq 500,SINGLE,cDNA,TRANSCRIPTOMIC,NA,1,1,0,Homo sapiens,patient,ILLUMINA,2019-01-23T00:00:00Z,CTC.single.ctc,CTC.single.ctc,GSM3021507,CTC-single,Br57_CTC_13,SRP133387,NA
SRR6767920,RNA-Seq,76,105042260,PRJNA435739,SAMN08595809,40321727,CTC,GEO,public,NA,NA,"fastq,sra","gs,ncbi,s3","gs.US,ncbi.public,s3.us-east-1",Br57,SRX3739102,GSM3021508,NextSeq 500,SINGLE,cDNA,TRANSCRIPTOMIC,NA,1,1,0,Homo sapiens,patient,ILLUMINA,2019-01-23T00:00:00Z,CTC.single.ctc,CTC.single.ctc,GSM3021508,CTC-single,Br57_CTC_14,SRP133387,NA
SRR6767921,RNA-Seq,76,138043892,PRJNA435739,SAMN08595809,54496545,CTC,GEO,public,NA,NA,"fastq,sra","gs,ncbi,s3","gs.US,ncbi.public,s3.us-east-1",Br57,SRX3739102,GSM3021508,NextSeq 500,SINGLE,cDNA,TRANSCRIPTOMIC,NA,1,1,0,Homo sapiens,patient,ILLUMINA,2019-01-23T00:00:00Z,CTC.single.ctc,CTC.single.ctc,GSM3021508,CTC-single,Br57_CTC_14,SRP133387,NA
SRR6767922,RNA-Seq,76,94962152,PRJNA435739,SAMN08595807,36474221,CTC,GEO,public,NA,NA,"fastq,sra","gs,ncbi,s3","gs.US,ncbi.public,s3.us-east-1",Br57,SRX3739103,GSM3021509,NextSeq 500,SINGLE,cDNA,TRANSCRIPTOMIC,NA,1,1,0,Homo sapiens,patient,ILLUMINA,2019-01-23T00:00:00Z,CTC.single.ctc,CTC.single.ctc,GSM3021509,CTC-single,Br57_CTC_15,SRP133387,NA
SRR6767923,RNA-Seq,76,124834256,PRJNA435739,SAMN08595807,49312677,CTC,GEO,public,NA,NA,"fastq,sra","gs,ncbi,s3","gs.US,ncbi.public,s3.us-east-1",Br57,SRX3739103,GSM3021509,NextSeq 500,SINGLE,cDNA,TRANSCRIPTOMIC,NA,1,1,0,Homo sapiens,patient,ILLUMINA,2019-01-23T00:00:00Z,CTC.single.ctc,CTC.single.ctc,GSM3021509,CTC-single,Br57_CTC_15,SRP133387,NA
SRR6767924,RNA-Seq,76,103973928,PRJNA435739,SAMN08595806,39858458,CTC,GEO,public,NA,NA,"fastq,sra","gs,ncbi,s3","gs.US,ncbi.public,s3.us-east-1",Br57,SRX3739104,GSM3021510,NextSeq 500,SINGLE,cDNA,TRANSCRIPTOMIC,NA,1,1,0,Homo sapiens,patient,ILLUMINA,2019-01-23T00:00:00Z,CTC.single.ctc,CTC.single.ctc,GSM3021510,CTC-single,Br57_CTC_16,SRP133387,NA
SRR6767925,RNA-Seq,76,137823340,PRJNA435739,SAMN08595806,54300460,CTC,GEO,public,NA,NA,"fastq,sra","gs,ncbi,s3","gs.US,ncbi.public,s3.us-east-1",Br57,SRX3739104,GSM3021510,NextSeq 500,SINGLE,cDNA,TRANSCRIPTOMIC,NA,1,1,0,Homo sapiens,patient,ILLUMINA,2019-01-23T00:00:00Z,CTC.single.ctc,CTC.single.ctc,GSM3021510,CTC-single,Br57_CTC_16,SRP133387,NA
SRR6767926,RNA-Seq,76,102690820,PRJNA435739,SAMN08595805,39259921,CTC,GEO,public,cBr57-1,2,"fastq,sra","gs,ncbi,s3","gs.US,ncbi.public,s3.us-east-1",Br57,SRX3739105,GSM3021511,NextSeq 500,SINGLE,cDNA,TRANSCRIPTOMIC,NA,2,2,0,Homo sapiens,patient,ILLUMINA,2019-01-23T00:00:00Z,CTC.cluster.ctc,CTC.cluster.ctc,GSM3021511,CTC-cluster,Br57_CTC_17,SRP133387,NA
SRR6767927,RNA-Seq,76,135383056,PRJNA435739,SAMN08595805,53290131,CTC,GEO,public,cBr57-1,2,"fastq,sra","gs,ncbi,s3","gs.US,ncbi.public,s3.us-east-1",Br57,SRX3739105,GSM3021511,NextSeq 500,SINGLE,cDNA,TRANSCRIPTOMIC,NA,2,2,0,Homo sapiens,patient,ILLUMINA,2019-01-23T00:00:00Z,CTC.cluster.ctc,CTC.cluster.ctc,GSM3021511,CTC-cluster,Br57_CTC_17,SRP133387,NA
SRR6767928,RNA-Seq,76,106983908,PRJNA435739,SAMN08595804,40885079,CTC,GEO,public,NA,NA,"fastq,sra","gs,ncbi,s3","gs.US,ncbi.public,s3.us-east-1",Br57,SRX3739106,GSM3021512,NextSeq 500,SINGLE,cDNA,TRANSCRIPTOMIC,NA,1,1,0,Homo sapiens,patient,ILLUMINA,2019-01-23T00:00:00Z,CTC.single.ctc,CTC.single.ctc,GSM3021512,CTC-single,Br57_CTC_2,SRP133387,NA
SRR6767929,RNA-Seq,76,142296472,PRJNA435739,SAMN08595804,56059394,CTC,GEO,public,NA,NA,"fastq,sra","gs,ncbi,s3","gs.US,ncbi.public,s3.us-east-1",Br57,SRX3739106,GSM3021512,NextSeq 500,SINGLE,cDNA,TRANSCRIPTOMIC,NA,1,1,0,Homo sapiens,patient,ILLUMINA,2019-01-23T00:00:00Z,CTC.single.ctc,CTC.single.ctc,GSM3021512,CTC-single,Br57_CTC_2,SRP133387,NA
SRR6767930,RNA-Seq,76,93704504,PRJNA435739,SAMN08595803,36162378,CTC,GEO,public,NA,NA,"fastq,sra","gs,ncbi,s3","gs.US,ncbi.public,s3.us-east-1",Br57,SRX3739107,GSM3021513,NextSeq 500,SINGLE,cDNA,TRANSCRIPTOMIC,NA,1,1,0,Homo sapiens,patient,ILLUMINA,2019-01-23T00:00:00Z,CTC.single.ctc,CTC.single.ctc,GSM3021513,CTC-single,Br57_CTC_3,SRP133387,NA
SRR6767931,RNA-Seq,76,123195012,PRJNA435739,SAMN08595803,48900611,CTC,GEO,public,NA,NA,"fastq,sra","gs,ncbi,s3","gs.US,ncbi.public,s3.us-east-1",Br57,SRX3739107,GSM3021513,NextSeq 500,SINGLE,cDNA,TRANSCRIPTOMIC,NA,1,1,0,Homo sapiens,patient,ILLUMINA,2019-01-23T00:00:00Z,CTC.single.ctc,CTC.single.ctc,GSM3021513,CTC-single,Br57_CTC_3,SRP133387,NA
SRR6767932,RNA-Seq,76,102317660,PRJNA435739,SAMN08595802,39346153,CTC,GEO,public,NA,NA,"fastq,sra","gs,ncbi,s3","gs.US,ncbi.public,s3.us-east-1",Br57,SRX3739108,GSM3021514,NextSeq 500,SINGLE,cDNA,TRANSCRIPTOMIC,NA,1,1,0,Homo sapiens,patient,ILLUMINA,2019-01-23T00:00:00Z,CTC.single.ctc,CTC.single.ctc,GSM3021514,CTC-single,Br57_CTC_4,SRP133387,NA
SRR6767933,RNA-Seq,76,135926076,PRJNA435739,SAMN08595802,53722626,CTC,GEO,public,NA,NA,"fastq,sra","gs,ncbi,s3","gs.US,ncbi.public,s3.us-east-1",Br57,SRX3739108,GSM3021514,NextSeq 500,SINGLE,cDNA,TRANSCRIPTOMIC,NA,1,1,0,Homo sapiens,patient,ILLUMINA,2019-01-23T00:00:00Z,CTC.single.ctc,CTC.single.ctc,GSM3021514,CTC-single,Br57_CTC_4,SRP133387,NA
SRR6767934,RNA-Seq,76,101662008,PRJNA435739,SAMN08595801,39067473,CTC,GEO,public,NA,NA,"fastq,sra","gs,ncbi,s3","gs.US,ncbi.public,s3.us-east-1",Br57,SRX3739109,GSM3021515,NextSeq 500,SINGLE,cDNA,TRANSCRIPTOMIC,NA,1,1,0,Homo sapiens,patient,ILLUMINA,2019-01-23T00:00:00Z,CTC.single.ctc,CTC.single.ctc,GSM3021515,CTC-single,Br57_CTC_7,SRP133387,NA
SRR6767935,RNA-Seq,76,134176404,PRJNA435739,SAMN08595801,53067887,CTC,GEO,public,NA,NA,"fastq,sra","gs,ncbi,s3","gs.US,ncbi.public,s3.us-east-1",Br57,SRX3739109,GSM3021515,NextSeq 500,SINGLE,cDNA,TRANSCRIPTOMIC,NA,1,1,0,Homo sapiens,patient,ILLUMINA,2019-01-23T00:00:00Z,CTC.single.ctc,CTC.single.ctc,GSM3021515,CTC-single,Br57_CTC_7,SRP133387,NA
SRR6767936,RNA-Seq,76,113153512,PRJNA435739,SAMN08595808,43266367,CTC,GEO,public,NA,NA,"fastq,sra","gs,ncbi,s3","gs.US,ncbi.public,s3.us-east-1",Br57,SRX3739110,GSM3021516,NextSeq 500,SINGLE,cDNA,TRANSCRIPTOMIC,NA,1,1,0,Homo sapiens,patient,ILLUMINA,2019-01-23T00:00:00Z,CTC.single.ctc,CTC.single.ctc,GSM3021516,CTC-single,Br57_CTC_8,SRP133387,NA
SRR6767937,RNA-Seq,76,150460772,PRJNA435739,SAMN08595808,59348868,CTC,GEO,public,NA,NA,"fastq,sra","gs,ncbi,s3","gs.US,ncbi.public,s3.us-east-1",Br57,SRX3739110,GSM3021516,NextSeq 500,SINGLE,cDNA,TRANSCRIPTOMIC,NA,1,1,0,Homo sapiens,patient,ILLUMINA,2019-01-23T00:00:00Z,CTC.single.ctc,CTC.single.ctc,GSM3021516,CTC-single,Br57_CTC_8,SRP133387,NA
SRR6767938,RNA-Seq,76,104840024,PRJNA435739,SAMN08595800,40105433,CTC,GEO,public,NA,NA,"fastq,sra","gs,ncbi,s3","gs.US,ncbi.public,s3.us-east-1",Br57,SRX3739111,GSM3021517,NextSeq 500,SINGLE,cDNA,TRANSCRIPTOMIC,NA,1,1,0,Homo sapiens,patient,ILLUMINA,2019-01-23T00:00:00Z,CTC.single.ctc,CTC.single.ctc,GSM3021517,CTC-single,Br57_CTC_9,SRP133387,NA
SRR6767939,RNA-Seq,76,139293560,PRJNA435739,SAMN08595800,54848581,CTC,GEO,public,NA,NA,"fastq,sra","gs,ncbi,s3","gs.US,ncbi.public,s3.us-east-1",Br57,SRX3739111,GSM3021517,NextSeq 500,SINGLE,cDNA,TRANSCRIPTOMIC,NA,1,1,0,Homo sapiens,patient,ILLUMINA,2019-01-23T00:00:00Z,CTC.single.ctc,CTC.single.ctc,GSM3021517,CTC-single,Br57_CTC_9,SRP133387,NA
SRR6767940,RNA-Seq,76,100225076,PRJNA435739,SAMN08595799,38668305,CTC,GEO,public,NA,NA,"fastq,sra","gs,ncbi,s3","gs.US,ncbi.public,s3.us-east-1",Br61,SRX3739112,GSM3021518,NextSeq 500,SINGLE,cDNA,TRANSCRIPTOMIC,NA,1,1,0,Homo sapiens,patient,ILLUMINA,2019-01-23T00:00:00Z,CTC.single.ctc,CTC.single.ctc,GSM3021518,CTC-single,Br61_CTC_10,SRP133387,NA
SRR6767941,RNA-Seq,76,132591880,PRJNA435739,SAMN08595799,52530506,CTC,GEO,public,NA,NA,"fastq,sra","gs,ncbi,s3","gs.US,ncbi.public,s3.us-east-1",Br61,SRX3739112,GSM3021518,NextSeq 500,SINGLE,cDNA,TRANSCRIPTOMIC,NA,1,1,0,Homo sapiens,patient,ILLUMINA,2019-01-23T00:00:00Z,CTC.single.ctc,CTC.single.ctc,GSM3021518,CTC-single,Br61_CTC_10,SRP133387,NA
SRR6767942,RNA-Seq,76,50856464,PRJNA435739,SAMN08595798,19714620,CTC,GEO,public,NA,NA,"fastq,sra","gs,ncbi,s3","gs.US,ncbi.public,s3.us-east-1",Br61,SRX3739113,GSM3021519,NextSeq 500,SINGLE,cDNA,TRANSCRIPTOMIC,NA,1,1,0,Homo sapiens,patient,ILLUMINA,2019-01-23T00:00:00Z,CTC.single.ctc,CTC.single.ctc,GSM3021519,CTC-single,Br61_CTC_13,SRP133387,NA
SRR6767943,RNA-Seq,76,66984880,PRJNA435739,SAMN08595798,26624246,CTC,GEO,public,NA,NA,"fastq,sra","gs,ncbi,s3","gs.US,ncbi.public,s3.us-east-1",Br61,SRX3739113,GSM3021519,NextSeq 500,SINGLE,cDNA,TRANSCRIPTOMIC,NA,1,1,0,Homo sapiens,patient,ILLUMINA,2019-01-23T00:00:00Z,CTC.single.ctc,CTC.single.ctc,GSM3021519,CTC-single,Br61_CTC_13,SRP133387,NA
SRR6767944,RNA-Seq,76,89606052,PRJNA435739,SAMN08595797,34442708,CTC,GEO,public,cBr61-2,2,"fastq,sra","gs,ncbi,s3","gs.US,ncbi.public,s3.us-east-1",Br61,SRX3739114,GSM3021520,NextSeq 500,SINGLE,cDNA,TRANSCRIPTOMIC,NA,1,1,0,Homo sapiens,patient,ILLUMINA,2019-01-23T00:00:00Z,CTC.cluster.ctc,CTC.cluster.ctc,GSM3021520,CTC-cluster,Br61_CTC_18,SRP133387,NA
SRR6767945,RNA-Seq,76,118827064,PRJNA435739,SAMN08595797,46961576,CTC,GEO,public,cBr61-2,2,"fastq,sra","gs,ncbi,s3","gs.US,ncbi.public,s3.us-east-1",Br61,SRX3739114,GSM3021520,NextSeq 500,SINGLE,cDNA,TRANSCRIPTOMIC,NA,1,1,0,Homo sapiens,patient,ILLUMINA,2019-01-23T00:00:00Z,CTC.cluster.ctc,CTC.cluster.ctc,GSM3021520,CTC-cluster,Br61_CTC_18,SRP133387,NA
SRR6767946,RNA-Seq,76,88104216,PRJNA435739,SAMN08595796,34158644,CTC,GEO,public,NA,NA,"fastq,sra","gs,ncbi,s3","gs.US,ncbi.public,s3.us-east-1",Br61,SRX3739115,GSM3021521,NextSeq 500,SINGLE,cDNA,TRANSCRIPTOMIC,NA,1,1,0,Homo sapiens,patient,ILLUMINA,2019-01-23T00:00:00Z,CTC.single.ctc,CTC.single.ctc,GSM3021521,CTC-single,Br61_CTC_20,SRP133387,NA
SRR6767947,RNA-Seq,76,116195868,PRJNA435739,SAMN08595796,46206344,CTC,GEO,public,NA,NA,"fastq,sra","gs,ncbi,s3","gs.US,ncbi.public,s3.us-east-1",Br61,SRX3739115,GSM3021521,NextSeq 500,SINGLE,cDNA,TRANSCRIPTOMIC,NA,1,1,0,Homo sapiens,patient,ILLUMINA,2019-01-23T00:00:00Z,CTC.single.ctc,CTC.single.ctc,GSM3021521,CTC-single,Br61_CTC_20,SRP133387,NA
SRR6767948,RNA-Seq,76,75297304,PRJNA435739,SAMN08595795,29378345,CTC,GEO,public,cBr61-3,3,"fastq,sra","gs,ncbi,s3","gs.US,ncbi.public,s3.us-east-1",Br61,SRX3739116,GSM3021522,NextSeq 500,SINGLE,cDNA,TRANSCRIPTOMIC,NA,1,1,0,Homo sapiens,patient,ILLUMINA,2019-01-23T00:00:00Z,CTC.cluster.ctc,CTC.cluster.ctc,GSM3021522,CTC-cluster,Br61_CTC_22,SRP133387,NA
SRR6767949,RNA-Seq,76,98480724,PRJNA435739,SAMN08595795,39368109,CTC,GEO,public,cBr61-3,3,"fastq,sra","gs,ncbi,s3","gs.US,ncbi.public,s3.us-east-1",Br61,SRX3739116,GSM3021522,NextSeq 500,SINGLE,cDNA,TRANSCRIPTOMIC,NA,1,1,0,Homo sapiens,patient,ILLUMINA,2019-01-23T00:00:00Z,CTC.cluster.ctc,CTC.cluster.ctc,GSM3021522,CTC-cluster,Br61_CTC_22,SRP133387,NA
SRR6767950,RNA-Seq,76,93669544,PRJNA435739,SAMN08595794,36504825,CTC,GEO,public,cBr61-3,3,"fastq,sra","gs,ncbi,s3","gs.US,ncbi.public,s3.us-east-1",Br61,SRX3739117,GSM3021523,NextSeq 500,SINGLE,cDNA,TRANSCRIPTOMIC,NA,2,2,0,Homo sapiens,patient,ILLUMINA,2019-01-23T00:00:00Z,CTC.cluster.ctc,CTC.cluster.ctc,GSM3021523,CTC-cluster,Br61_CTC_23,SRP133387,NA
SRR6767951,RNA-Seq,76,121497476,PRJNA435739,SAMN08595794,48577859,CTC,GEO,public,cBr61-3,3,"fastq,sra","gs,ncbi,s3","gs.US,ncbi.public,s3.us-east-1",Br61,SRX3739117,GSM3021523,NextSeq 500,SINGLE,cDNA,TRANSCRIPTOMIC,NA,2,2,0,Homo sapiens,patient,ILLUMINA,2019-01-23T00:00:00Z,CTC.cluster.ctc,CTC.cluster.ctc,GSM3021523,CTC-cluster,Br61_CTC_23,SRP133387,NA
SRR6767952,RNA-Seq,76,99096248,PRJNA435739,SAMN08595793,38278917,CTC,GEO,public,NA,2,"fastq,sra","gs,ncbi,s3","gs.US,ncbi.public,s3.us-east-1",Br61,SRX3739118,GSM3021524,NextSeq 500,SINGLE,cDNA,TRANSCRIPTOMIC,NA,2,2,0,Homo sapiens,patient,ILLUMINA,2019-01-23T00:00:00Z,CTC.cluster.ctc,CTC.cluster.ctc,GSM3021524,CTC-cluster,Br61_CTC_24,SRP133387,NA
SRR6767953,RNA-Seq,76,130499220,PRJNA435739,SAMN08595793,51756786,CTC,GEO,public,NA,2,"fastq,sra","gs,ncbi,s3","gs.US,ncbi.public,s3.us-east-1",Br61,SRX3739118,GSM3021524,NextSeq 500,SINGLE,cDNA,TRANSCRIPTOMIC,NA,2,2,0,Homo sapiens,patient,ILLUMINA,2019-01-23T00:00:00Z,CTC.cluster.ctc,CTC.cluster.ctc,GSM3021524,CTC-cluster,Br61_CTC_24,SRP133387,NA
SRR6767954,RNA-Seq,76,90713068,PRJNA435739,SAMN08595792,35106686,CTC,GEO,public,NA,NA,"fastq,sra","gs,ncbi,s3","gs.US,ncbi.public,s3.us-east-1",Br61,SRX3739119,GSM3021525,NextSeq 500,SINGLE,cDNA,TRANSCRIPTOMIC,NA,1,1,0,Homo sapiens,patient,ILLUMINA,2019-01-23T00:00:00Z,CTC.single.ctc,CTC.single.ctc,GSM3021525,CTC-single,Br61_CTC_25,SRP133387,NA
SRR6767955,RNA-Seq,76,119798800,PRJNA435739,SAMN08595792,47627683,CTC,GEO,public,NA,NA,"fastq,sra","gs,ncbi,s3","gs.US,ncbi.public,s3.us-east-1",Br61,SRX3739119,GSM3021525,NextSeq 500,SINGLE,cDNA,TRANSCRIPTOMIC,NA,1,1,0,Homo sapiens,patient,ILLUMINA,2019-01-23T00:00:00Z,CTC.single.ctc,CTC.single.ctc,GSM3021525,CTC-single,Br61_CTC_25,SRP133387,NA
SRR6767956,RNA-Seq,76,102758232,PRJNA435739,SAMN08595791,39780103,CTC,GEO,public,cBr61-4,2,"fastq,sra","gs,ncbi,s3","gs.US,ncbi.public,s3.us-east-1",Br61,SRX3739120,GSM3021526,NextSeq 500,SINGLE,cDNA,TRANSCRIPTOMIC,NA,1,1,0,Homo sapiens,patient,ILLUMINA,2019-01-23T00:00:00Z,CTC.cluster.ctc,CTC.cluster.ctc,GSM3021526,CTC-cluster,Br61_CTC_34,SRP133387,NA
SRR6767957,RNA-Seq,76,134967108,PRJNA435739,SAMN08595791,53616270,CTC,GEO,public,cBr61-4,2,"fastq,sra","gs,ncbi,s3","gs.US,ncbi.public,s3.us-east-1",Br61,SRX3739120,GSM3021526,NextSeq 500,SINGLE,cDNA,TRANSCRIPTOMIC,NA,1,1,0,Homo sapiens,patient,ILLUMINA,2019-01-23T00:00:00Z,CTC.cluster.ctc,CTC.cluster.ctc,GSM3021526,CTC-cluster,Br61_CTC_34,SRP133387,NA
SRR6767958,RNA-Seq,76,88973276,PRJNA435739,SAMN08595686,34590286,CTC,GEO,public,NA,NA,"fastq,sra","gs,ncbi,s3","gs.US,ncbi.public,s3.us-east-1",Br61,SRX3739121,GSM3021527,NextSeq 500,SINGLE,cDNA,TRANSCRIPTOMIC,NA,1,1,0,Homo sapiens,patient,ILLUMINA,2019-01-23T00:00:00Z,CTC.single.ctc,CTC.single.ctc,GSM3021527,CTC-single,Br61_CTC_35,SRP133387,NA
SRR6767959,RNA-Seq,76,116773468,PRJNA435739,SAMN08595686,46559807,CTC,GEO,public,NA,NA,"fastq,sra","gs,ncbi,s3","gs.US,ncbi.public,s3.us-east-1",Br61,SRX3739121,GSM3021527,NextSeq 500,SINGLE,cDNA,TRANSCRIPTOMIC,NA,1,1,0,Homo sapiens,patient,ILLUMINA,2019-01-23T00:00:00Z,CTC.single.ctc,CTC.single.ctc,GSM3021527,CTC-single,Br61_CTC_35,SRP133387,NA
SRR6767960,RNA-Seq,76,115155200,PRJNA435739,SAMN08595685,44329918,CTC,GEO,public,NA,2,"fastq,sra","gs,ncbi,s3","gs.US,ncbi.public,s3.us-east-1",Br61,SRX3739122,GSM3021528,NextSeq 500,SINGLE,cDNA,TRANSCRIPTOMIC,NA,2,2,0,Homo sapiens,patient,ILLUMINA,2019-01-23T00:00:00Z,CTC.cluster.ctc,CTC.cluster.ctc,GSM3021528,CTC-cluster,Br61_CTC_38,SRP133387,NA
SRR6767961,RNA-Seq,76,152370956,PRJNA435739,SAMN08595685,60287571,CTC,GEO,public,NA,2,"fastq,sra","gs,ncbi,s3","gs.US,ncbi.public,s3.us-east-1",Br61,SRX3739122,GSM3021528,NextSeq 500,SINGLE,cDNA,TRANSCRIPTOMIC,NA,2,2,0,Homo sapiens,patient,ILLUMINA,2019-01-23T00:00:00Z,CTC.cluster.ctc,CTC.cluster.ctc,GSM3021528,CTC-cluster,Br61_CTC_38,SRP133387,NA
SRR6767962,RNA-Seq,76,104096136,PRJNA435739,SAMN08595684,39950168,CTC,GEO,public,NA,NA,"fastq,sra","gs,ncbi,s3","gs.US,ncbi.public,s3.us-east-1",Br61,SRX3739123,GSM3021529,NextSeq 500,SINGLE,cDNA,TRANSCRIPTOMIC,NA,1,1,0,Homo sapiens,patient,ILLUMINA,2019-01-23T00:00:00Z,CTC.single.ctc,CTC.single.ctc,GSM3021529,CTC-single,Br61_CTC_4,SRP133387,NA
SRR6767963,RNA-Seq,76,137194592,PRJNA435739,SAMN08595684,54186555,CTC,GEO,public,NA,NA,"fastq,sra","gs,ncbi,s3","gs.US,ncbi.public,s3.us-east-1",Br61,SRX3739123,GSM3021529,NextSeq 500,SINGLE,cDNA,TRANSCRIPTOMIC,NA,1,1,0,Homo sapiens,patient,ILLUMINA,2019-01-23T00:00:00Z,CTC.single.ctc,CTC.single.ctc,GSM3021529,CTC-single,Br61_CTC_4,SRP133387,NA
SRR6767964,RNA-Seq,76,78415280,PRJNA435739,SAMN08595683,30411440,CTC,GEO,public,cBr61-6,2,"fastq,sra","gs,ncbi,s3","gs.US,ncbi.public,s3.us-east-1",Br61,SRX3739124,GSM3021530,NextSeq 500,SINGLE,cDNA,TRANSCRIPTOMIC,NA,1,1,0,Homo sapiens,patient,ILLUMINA,2019-01-23T00:00:00Z,CTC.cluster.ctc,CTC.cluster.ctc,GSM3021530,CTC-cluster,Br61_CTC_45,SRP133387,NA
SRR6767965,RNA-Seq,76,102882796,PRJNA435739,SAMN08595683,40970548,CTC,GEO,public,cBr61-6,2,"fastq,sra","gs,ncbi,s3","gs.US,ncbi.public,s3.us-east-1",Br61,SRX3739124,GSM3021530,NextSeq 500,SINGLE,cDNA,TRANSCRIPTOMIC,NA,1,1,0,Homo sapiens,patient,ILLUMINA,2019-01-23T00:00:00Z,CTC.cluster.ctc,CTC.cluster.ctc,GSM3021530,CTC-cluster,Br61_CTC_45,SRP133387,NA
SRR6767966,RNA-Seq,76,94789860,PRJNA435739,SAMN08595682,36574058,CTC,GEO,public,NA,NA,"fastq,sra","gs,ncbi,s3","gs.US,ncbi.public,s3.us-east-1",Br61,SRX3739125,GSM3021531,NextSeq 500,SINGLE,cDNA,TRANSCRIPTOMIC,NA,1,1,0,Homo sapiens,patient,ILLUMINA,2019-01-23T00:00:00Z,CTC.single.ctc,CTC.single.ctc,GSM3021531,CTC-single,Br61_CTC_6,SRP133387,NA
SRR6767967,RNA-Seq,76,125767460,PRJNA435739,SAMN08595682,49845146,CTC,GEO,public,NA,NA,"fastq,sra","gs,ncbi,s3","gs.US,ncbi.public,s3.us-east-1",Br61,SRX3739125,GSM3021531,NextSeq 500,SINGLE,cDNA,TRANSCRIPTOMIC,NA,1,1,0,Homo sapiens,patient,ILLUMINA,2019-01-23T00:00:00Z,CTC.single.ctc,CTC.single.ctc,GSM3021531,CTC-single,Br61_CTC_6,SRP133387,NA
SRR6767980,RNA-Seq,76,118526104,PRJNA435739,SAMN08595675,45753288,CTC,GEO,public,cBr7-2,3,"fastq,sra","gs,ncbi,s3","gs.US,ncbi.public,s3.us-east-1",Br7,SRX3739132,GSM3021538,NextSeq 500,SINGLE,cDNA,TRANSCRIPTOMIC,NA,3,3,0,Homo sapiens,patient,ILLUMINA,2019-01-23T00:00:00Z,CTC.cluster.ctc,CTC.cluster.ctc,GSM3021538,CTC-cluster,Br7_7_12,SRP133387,NA
SRR6767981,RNA-Seq,76,64935692,PRJNA435739,SAMN08595675,25080779,CTC,GEO,public,cBr7-2,3,"fastq,sra","gs,ncbi,s3","gs.US,ncbi.public,s3.us-east-1",Br7,SRX3739132,GSM3021538,NextSeq 500,SINGLE,cDNA,TRANSCRIPTOMIC,NA,3,3,0,Homo sapiens,patient,ILLUMINA,2019-01-23T00:00:00Z,CTC.cluster.ctc,CTC.cluster.ctc,GSM3021538,CTC-cluster,Br7_7_12,SRP133387,NA
SRR6767982,RNA-Seq,76,87131872,PRJNA435739,SAMN08595675,34575977,CTC,GEO,public,cBr7-2,3,"fastq,sra","gs,ncbi,s3","gs.US,ncbi.public,s3.us-east-1",Br7,SRX3739132,GSM3021538,NextSeq 500,SINGLE,cDNA,TRANSCRIPTOMIC,NA,3,3,0,Homo sapiens,patient,ILLUMINA,2019-01-23T00:00:00Z,CTC.cluster.ctc,CTC.cluster.ctc,GSM3021538,CTC-cluster,Br7_7_12,SRP133387,NA
SRR6767983,RNA-Seq,76,116123212,PRJNA435739,SAMN08595674,44752713,CTC,GEO,public,cBr7-3,3,"fastq,sra","gs,ncbi,s3","gs.US,ncbi.public,s3.us-east-1",Br7,SRX3739133,GSM3021539,NextSeq 500,SINGLE,cDNA,TRANSCRIPTOMIC,NA,3,3,0,Homo sapiens,patient,ILLUMINA,2019-01-23T00:00:00Z,CTC.cluster.ctc,CTC.cluster.ctc,GSM3021539,CTC-cluster,Br7_1_SG,SRP133387,NA
SRR6767984,RNA-Seq,76,53711556,PRJNA435739,SAMN08595674,20701892,CTC,GEO,public,cBr7-3,3,"fastq,sra","gs,ncbi,s3","gs.US,ncbi.public,s3.us-east-1",Br7,SRX3739133,GSM3021539,NextSeq 500,SINGLE,cDNA,TRANSCRIPTOMIC,NA,3,3,0,Homo sapiens,patient,ILLUMINA,2019-01-23T00:00:00Z,CTC.cluster.ctc,CTC.cluster.ctc,GSM3021539,CTC-cluster,Br7_1_SG,SRP133387,NA
SRR6767985,RNA-Seq,76,72885976,PRJNA435739,SAMN08595674,28818920,CTC,GEO,public,cBr7-3,3,"fastq,sra","gs,ncbi,s3","gs.US,ncbi.public,s3.us-east-1",Br7,SRX3739133,GSM3021539,NextSeq 500,SINGLE,cDNA,TRANSCRIPTOMIC,NA,3,3,0,Homo sapiens,patient,ILLUMINA,2019-01-23T00:00:00Z,CTC.cluster.ctc,CTC.cluster.ctc,GSM3021539,CTC-cluster,Br7_1_SG,SRP133387,NA
SRR6767986,RNA-Seq,76,142307720,PRJNA435739,SAMN08595673,54527422,CTC,GEO,public,NA,NA,"fastq,sra","gs,ncbi,s3","gs.US,ncbi.public,s3.us-east-1",Br7,SRX3739134,GSM3021540,NextSeq 500,SINGLE,cDNA,TRANSCRIPTOMIC,NA,1,1,0,Homo sapiens,patient,ILLUMINA,2019-01-23T00:00:00Z,CTC.single.ctc,CTC.single.ctc,GSM3021540,CTC-single,Br7_2,SRP133387,NA
SRR6767987,RNA-Seq,76,60983236,PRJNA435739,SAMN08595673,23282324,CTC,GEO,public,NA,NA,"fastq,sra","gs,ncbi,s3","gs.US,ncbi.public,s3.us-east-1",Br7,SRX3739134,GSM3021540,NextSeq 500,SINGLE,cDNA,TRANSCRIPTOMIC,NA,1,1,0,Homo sapiens,patient,ILLUMINA,2019-01-23T00:00:00Z,CTC.single.ctc,CTC.single.ctc,GSM3021540,CTC-single,Br7_2,SRP133387,NA
SRR6767988,RNA-Seq,76,81888860,PRJNA435739,SAMN08595673,32196043,CTC,GEO,public,NA,NA,"fastq,sra","gs,ncbi,s3","gs.US,ncbi.public,s3.us-east-1",Br7,SRX3739134,GSM3021540,NextSeq 500,SINGLE,cDNA,TRANSCRIPTOMIC,NA,1,1,0,Homo sapiens,patient,ILLUMINA,2019-01-23T00:00:00Z,CTC.single.ctc,CTC.single.ctc,GSM3021540,CTC-single,Br7_2,SRP133387,NA
SRR6767989,RNA-Seq,76,145395600,PRJNA435739,SAMN08595672,55932584,CTC,GEO,public,NA,NA,"fastq,sra","gs,ncbi,s3","gs.US,ncbi.public,s3.us-east-1",Br7,SRX3739135,GSM3021541,NextSeq 500,SINGLE,cDNA,TRANSCRIPTOMIC,NA,1,1,0,Homo sapiens,patient,ILLUMINA,2019-01-23T00:00:00Z,CTC.single.ctc,CTC.single.ctc,GSM3021541,CTC-single,Br7_5,SRP133387,NA
SRR6767990,RNA-Seq,76,41779252,PRJNA435739,SAMN08595672,16060650,CTC,GEO,public,NA,NA,"fastq,sra","gs,ncbi,s3","gs.US,ncbi.public,s3.us-east-1",Br7,SRX3739135,GSM3021541,NextSeq 500,SINGLE,cDNA,TRANSCRIPTOMIC,NA,1,1,0,Homo sapiens,patient,ILLUMINA,2019-01-23T00:00:00Z,CTC.single.ctc,CTC.single.ctc,GSM3021541,CTC-single,Br7_5,SRP133387,NA
SRR6767991,RNA-Seq,76,56982216,PRJNA435739,SAMN08595672,22489354,CTC,GEO,public,NA,NA,"fastq,sra","gs,ncbi,s3","gs.US,ncbi.public,s3.us-east-1",Br7,SRX3739135,GSM3021541,NextSeq 500,SINGLE,cDNA,TRANSCRIPTOMIC,NA,1,1,0,Homo sapiens,patient,ILLUMINA,2019-01-23T00:00:00Z,CTC.single.ctc,CTC.single.ctc,GSM3021541,CTC-single,Br7_5,SRP133387,NA
SRR6767992,RNA-Seq,76,192105884,PRJNA435739,SAMN08595671,74065413,CTC,GEO,public,NA,NA,"fastq,sra","gs,ncbi,s3","gs.US,ncbi.public,s3.us-east-1",Br16,SRX3739136,GSM3021542,NextSeq 500,SINGLE,cDNA,TRANSCRIPTOMIC,NA,1,1,0,Homo sapiens,patient,ILLUMINA,2019-01-23T00:00:00Z,CTC.single.ctc,CTC.single.ctc,GSM3021542,CTC-single,Br16_1,SRP133387,NA
SRR6767993,RNA-Seq,76,215811804,PRJNA435739,SAMN08595670,82903016,CTC,GEO,public,cBr16-1,2,"fastq,sra","gs,ncbi,s3","gs.US,ncbi.public,s3.us-east-1",Br16,SRX3739137,GSM3021543,NextSeq 500,SINGLE,cDNA,TRANSCRIPTOMIC,NA,2,2,0,Homo sapiens,patient,ILLUMINA,2019-01-23T00:00:00Z,CTC.cluster.ctc,CTC.cluster.ctc,GSM3021543,CTC-cluster,Br16_3,SRP133387,NA
SRR6767994,RNA-Seq,76,176625064,PRJNA435739,SAMN08595669,68167397,CTC,GEO,public,NA,NA,"fastq,sra","gs,ncbi,s3","gs.US,ncbi.public,s3.us-east-1",Br16,SRX3739138,GSM3021544,NextSeq 500,SINGLE,cDNA,TRANSCRIPTOMIC,NA,1,1,0,Homo sapiens,patient,ILLUMINA,2019-01-23T00:00:00Z,CTC.single.ctc,CTC.single.ctc,GSM3021544,CTC-single,Br16_4,SRP133387,NA
SRR6767995,RNA-Seq,76,168411516,PRJNA435739,SAMN08595668,66176250,CTC,GEO,public,cBr16-2,3,"fastq,sra","gs,ncbi,s3","gs.US,ncbi.public,s3.us-east-1",Br16,SRX3739139,GSM3021545,NextSeq 500,SINGLE,cDNA,TRANSCRIPTOMIC,NA,3,3,0,Homo sapiens,patient,ILLUMINA,2019-01-23T00:00:00Z,CTC.cluster.ctc,CTC.cluster.ctc,GSM3021545,CTC-cluster,Br16_5,SRP133387,NA
SRR6767996,RNA-Seq,76,190636956,PRJNA435739,SAMN08595667,73299222,CTC,GEO,public,cBr16-3,3,"fastq,sra","gs,ncbi,s3","gs.US,ncbi.public,s3.us-east-1",Br16,SRX3739140,GSM3021546,NextSeq 500,SINGLE,cDNA,TRANSCRIPTOMIC,NA,3,3,0,Homo sapiens,patient,ILLUMINA,2019-01-23T00:00:00Z,CTC.cluster.ctc,CTC.cluster.ctc,GSM3021546,CTC-cluster,Br16_6,SRP133387,NA
