Run,also_known_as,Assay Type,AvgSpotLen,Bases,BioProject,BioSample,Bytes,Center Name,Consent,DATASTORE filetype,DATASTORE provider,DATASTORE region,Experiment,GEO_Accession (exp),Instrument,LibraryLayout,LibrarySelection,LibrarySource,Organism,patient,Platform,ReleaseDate,Sample Name,single_cells_or_cluster,source_name,SRA Study
SRR1020057,Brx53_CL2_010313,RNA-Seq,50,63680750,PRJNA225522,SAMN02387065,37274360,GEO,public,sra,"gs,ncbi,s3","gs.US,ncbi.public,s3.us-east-1",SRX369409,GSM1253375,AB 5500xl Genetic Analyzer,SINGLE,cDNA,TRANSCRIPTOMIC,Homo sapiens,Patient#1,ABI_SOLID,2014-07-11T00:00:00Z,GSM1253375,CL,CTCs,SRP032343
SRR1020058,Brx53_CL2_010313,RNA-Seq,50,72809450,PRJNA225522,SAMN02387065,43542085,GEO,public,sra,"gs,ncbi,s3","gs.US,ncbi.public,s3.us-east-1",SRX369409,GSM1253375,AB 5500xl Genetic Analyzer,SINGLE,cDNA,TRANSCRIPTOMIC,Homo sapiens,Patient#1,ABI_SOLID,2014-07-11T00:00:00Z,GSM1253375,CL,CTCs,SRP032343
SRR1020059,Brx53_CL2_010313,RNA-Seq,50,89278000,PRJNA225522,SAMN02387065,52550154,GEO,public,sra,"gs,ncbi,s3","gs.US,ncbi.public,s3.us-east-1",SRX369409,GSM1253375,AB 5500xl Genetic Analyzer,SINGLE,cDNA,TRANSCRIPTOMIC,Homo sapiens,Patient#1,ABI_SOLID,2014-07-11T00:00:00Z,GSM1253375,CL,CTCs,SRP032343
SRR1020060,Brx53_CL2_010313,RNA-Seq,50,92873850,PRJNA225522,SAMN02387065,53431312,GEO,public,sra,"gs,ncbi,s3","gs.US,ncbi.public,s3.us-east-1",SRX369409,GSM1253375,AB 5500xl Genetic Analyzer,SINGLE,cDNA,TRANSCRIPTOMIC,Homo sapiens,Patient#1,ABI_SOLID,2014-07-11T00:00:00Z,GSM1253375,CL,CTCs,SRP032343
SRR1020061,Brx53_CL2_010313,RNA-Seq,50,87344800,PRJNA225522,SAMN02387065,50026930,GEO,public,sra,"gs,ncbi,s3","gs.US,ncbi.public,s3.us-east-1",SRX369409,GSM1253375,AB 5500xl Genetic Analyzer,SINGLE,cDNA,TRANSCRIPTOMIC,Homo sapiens,Patient#1,ABI_SOLID,2014-07-11T00:00:00Z,GSM1253375,CL,CTCs,SRP032343
SRR1020062,Brx53_CL2_010313,RNA-Seq,50,88015750,PRJNA225522,SAMN02387065,50937021,GEO,public,sra,"gs,ncbi,s3","gs.US,ncbi.public,s3.us-east-1",SRX369409,GSM1253375,AB 5500xl Genetic Analyzer,SINGLE,cDNA,TRANSCRIPTOMIC,Homo sapiens,Patient#1,ABI_SOLID,2014-07-11T00:00:00Z,GSM1253375,CL,CTCs,SRP032343
SRR1020063,Brx53_SC2_010313,RNA-Seq,50,58520550,PRJNA225522,SAMN02387064,36861054,GEO,public,"SOLiD_native,sra","gs,ncbi,s3","gs.US,ncbi.public,s3.us-east-1",SRX369410,GSM1253376,AB 5500xl Genetic Analyzer,SINGLE,cDNA,TRANSCRIPTOMIC,Homo sapiens,Patient#1,ABI_SOLID,2014-07-11T00:00:00Z,GSM1253376,SC,CTCs,SRP032343
SRR1020064,Brx53_SC2_010313,RNA-Seq,50,53697050,PRJNA225522,SAMN02387064,33259562,GEO,public,"SOLiD_native,sra","gs,ncbi,s3","gs.US,ncbi.public,s3.us-east-1",SRX369410,GSM1253376,AB 5500xl Genetic Analyzer,SINGLE,cDNA,TRANSCRIPTOMIC,Homo sapiens,Patient#1,ABI_SOLID,2014-07-11T00:00:00Z,GSM1253376,SC,CTCs,SRP032343
SRR1020065,Brx53_SC2_010313,RNA-Seq,50,67783800,PRJNA225522,SAMN02387064,42687928,GEO,public,"SOLiD_native,sra","gs,ncbi,s3","gs.US,ncbi.public,s3.us-east-1",SRX369410,GSM1253376,AB 5500xl Genetic Analyzer,SINGLE,cDNA,TRANSCRIPTOMIC,Homo sapiens,Patient#1,ABI_SOLID,2014-07-11T00:00:00Z,GSM1253376,SC,CTCs,SRP032343
SRR1020066,Brx53_SC2_010313,RNA-Seq,50,69220550,PRJNA225522,SAMN02387064,42759141,GEO,public,"SOLiD_native,sra","gs,ncbi,s3","gs.US,ncbi.public,s3.us-east-1",SRX369410,GSM1253376,AB 5500xl Genetic Analyzer,SINGLE,cDNA,TRANSCRIPTOMIC,Homo sapiens,Patient#1,ABI_SOLID,2014-07-11T00:00:00Z,GSM1253376,SC,CTCs,SRP032343
SRR1020067,Brx53_SC2_010313,RNA-Seq,50,65215900,PRJNA225522,SAMN02387064,40332316,GEO,public,"SOLiD_native,sra","gs,ncbi,s3","gs.US,ncbi.public,s3.us-east-1",SRX369410,GSM1253376,AB 5500xl Genetic Analyzer,SINGLE,cDNA,TRANSCRIPTOMIC,Homo sapiens,Patient#1,ABI_SOLID,2014-07-11T00:00:00Z,GSM1253376,SC,CTCs,SRP032343
SRR1020068,Brx53_SC2_010313,RNA-Seq,50,62685700,PRJNA225522,SAMN02387064,38528612,GEO,public,"SOLiD_native,sra","gs,ncbi,s3","gs.US,ncbi.public,s3.us-east-1",SRX369410,GSM1253376,AB 5500xl Genetic Analyzer,SINGLE,cDNA,TRANSCRIPTOMIC,Homo sapiens,Patient#1,ABI_SOLID,2014-07-11T00:00:00Z,GSM1253376,SC,CTCs,SRP032343
SRR1020069,BrTr08_1_SC1_012913,RNA-Seq,50,78229750,PRJNA225522,SAMN02387069,50384116,GEO,public,"SOLiD_native,sra","gs,ncbi,s3","gs.US,ncbi.public,s3.us-east-1",SRX369411,GSM1253377,AB 5500xl Genetic Analyzer,SINGLE,cDNA,TRANSCRIPTOMIC,Homo sapiens,Patient#2,ABI_SOLID,2014-07-11T00:00:00Z,GSM1253377,SC,CTCs,SRP032343
SRR1020070,BrTr08_1_SC1_012913,RNA-Seq,50,75308400,PRJNA225522,SAMN02387069,48510573,GEO,public,"SOLiD_native,sra","gs,ncbi,s3","gs.US,ncbi.public,s3.us-east-1",SRX369411,GSM1253377,AB 5500xl Genetic Analyzer,SINGLE,cDNA,TRANSCRIPTOMIC,Homo sapiens,Patient#2,ABI_SOLID,2014-07-11T00:00:00Z,GSM1253377,SC,CTCs,SRP032343
SRR1020071,BrTr08_1_SC1_012913,RNA-Seq,50,93128000,PRJNA225522,SAMN02387069,59324515,GEO,public,"SOLiD_native,sra","gs,ncbi,s3","gs.US,ncbi.public,s3.us-east-1",SRX369411,GSM1253377,AB 5500xl Genetic Analyzer,SINGLE,cDNA,TRANSCRIPTOMIC,Homo sapiens,Patient#2,ABI_SOLID,2014-07-11T00:00:00Z,GSM1253377,SC,CTCs,SRP032343
SRR1020072,BrTr08_1_SC1_012913,RNA-Seq,50,95691550,PRJNA225522,SAMN02387069,59593635,GEO,public,"SOLiD_native,sra","gs,ncbi,s3","gs.US,ncbi.public,s3.us-east-1",SRX369411,GSM1253377,AB 5500xl Genetic Analyzer,SINGLE,cDNA,TRANSCRIPTOMIC,Homo sapiens,Patient#2,ABI_SOLID,2014-07-11T00:00:00Z,GSM1253377,SC,CTCs,SRP032343
SRR1020073,BrTr08_1_SC1_012913,RNA-Seq,50,91224000,PRJNA225522,SAMN02387069,56720194,GEO,public,"SOLiD_native,sra","gs,ncbi,s3","gs.US,ncbi.public,s3.us-east-1",SRX369411,GSM1253377,AB 5500xl Genetic Analyzer,SINGLE,cDNA,TRANSCRIPTOMIC,Homo sapiens,Patient#2,ABI_SOLID,2014-07-11T00:00:00Z,GSM1253377,SC,CTCs,SRP032343
SRR1020074,BrTr08_1_SC1_012913,RNA-Seq,50,87804350,PRJNA225522,SAMN02387069,54775672,GEO,public,"SOLiD_native,sra","gs,ncbi,s3","gs.US,ncbi.public,s3.us-east-1",SRX369411,GSM1253377,AB 5500xl Genetic Analyzer,SINGLE,cDNA,TRANSCRIPTOMIC,Homo sapiens,Patient#2,ABI_SOLID,2014-07-11T00:00:00Z,GSM1253377,SC,CTCs,SRP032343
SRR1020075,Brx12_SC_012913,RNA-Seq,50,75785700,PRJNA225522,SAMN02387066,46816003,GEO,public,sra,"gs,ncbi,s3","gs.US,ncbi.public,s3.us-east-1",SRX369412,GSM1253378,AB 5500xl Genetic Analyzer,SINGLE,cDNA,TRANSCRIPTOMIC,Homo sapiens,Patient#3,ABI_SOLID,2014-07-11T00:00:00Z,GSM1253378,SC,CTCs,SRP032343
SRR1020076,Brx12_SC_012913,RNA-Seq,50,67445750,PRJNA225522,SAMN02387066,41381787,GEO,public,sra,"gs,ncbi,s3","gs.US,ncbi.public,s3.us-east-1",SRX369412,GSM1253378,AB 5500xl Genetic Analyzer,SINGLE,cDNA,TRANSCRIPTOMIC,Homo sapiens,Patient#3,ABI_SOLID,2014-07-11T00:00:00Z,GSM1253378,SC,CTCs,SRP032343
SRR1020077,Brx12_SC_012913,RNA-Seq,50,81371000,PRJNA225522,SAMN02387066,49303717,GEO,public,sra,"gs,ncbi,s3","gs.US,ncbi.public,s3.us-east-1",SRX369412,GSM1253378,AB 5500xl Genetic Analyzer,SINGLE,cDNA,TRANSCRIPTOMIC,Homo sapiens,Patient#3,ABI_SOLID,2014-07-11T00:00:00Z,GSM1253378,SC,CTCs,SRP032343
SRR1020078,Brx12_SC_012913,RNA-Seq,50,83425850,PRJNA225522,SAMN02387066,49262832,GEO,public,sra,"gs,ncbi,s3","gs.US,ncbi.public,s3.us-east-1",SRX369412,GSM1253378,AB 5500xl Genetic Analyzer,SINGLE,cDNA,TRANSCRIPTOMIC,Homo sapiens,Patient#3,ABI_SOLID,2014-07-11T00:00:00Z,GSM1253378,SC,CTCs,SRP032343
SRR1020079,Brx12_SC_012913,RNA-Seq,50,82345050,PRJNA225522,SAMN02387066,48488547,GEO,public,sra,"gs,ncbi,s3","gs.US,ncbi.public,s3.us-east-1",SRX369412,GSM1253378,AB 5500xl Genetic Analyzer,SINGLE,cDNA,TRANSCRIPTOMIC,Homo sapiens,Patient#3,ABI_SOLID,2014-07-11T00:00:00Z,GSM1253378,SC,CTCs,SRP032343
SRR1020080,Brx12_SC_012913,RNA-Seq,50,80402850,PRJNA225522,SAMN02387066,47619266,GEO,public,sra,"gs,ncbi,s3","gs.US,ncbi.public,s3.us-east-1",SRX369412,GSM1253378,AB 5500xl Genetic Analyzer,SINGLE,cDNA,TRANSCRIPTOMIC,Homo sapiens,Patient#3,ABI_SOLID,2014-07-11T00:00:00Z,GSM1253378,SC,CTCs,SRP032343
SRR1020081,Brx52_SC2_020413,RNA-Seq,50,57996800,PRJNA225522,SAMN02387067,36902083,GEO,public,sra,"gs,ncbi,s3","gs.US,ncbi.public,s3.us-east-1",SRX369413,GSM1253379,AB 5500xl Genetic Analyzer,SINGLE,cDNA,TRANSCRIPTOMIC,Homo sapiens,Patient#4,ABI_SOLID,2014-07-11T00:00:00Z,GSM1253379,SC,CTCs,SRP032343
SRR1020082,Brx52_SC2_020413,RNA-Seq,50,62097750,PRJNA225522,SAMN02387067,37524554,GEO,public,sra,"gs,ncbi,s3","gs.US,ncbi.public,s3.us-east-1",SRX369413,GSM1253379,AB 5500xl Genetic Analyzer,SINGLE,cDNA,TRANSCRIPTOMIC,Homo sapiens,Patient#4,ABI_SOLID,2014-07-11T00:00:00Z,GSM1253379,SC,CTCs,SRP032343
SRR1020083,Brx52_SC2_020413,RNA-Seq,50,68780700,PRJNA225522,SAMN02387067,42040743,GEO,public,sra,"gs,ncbi,s3","gs.US,ncbi.public,s3.us-east-1",SRX369413,GSM1253379,AB 5500xl Genetic Analyzer,SINGLE,cDNA,TRANSCRIPTOMIC,Homo sapiens,Patient#4,ABI_SOLID,2014-07-11T00:00:00Z,GSM1253379,SC,CTCs,SRP032343
SRR1020084,Brx52_SC2_020413,RNA-Seq,50,62677350,PRJNA225522,SAMN02387067,37735696,GEO,public,sra,"gs,ncbi,s3","gs.US,ncbi.public,s3.us-east-1",SRX369413,GSM1253379,AB 5500xl Genetic Analyzer,SINGLE,cDNA,TRANSCRIPTOMIC,Homo sapiens,Patient#4,ABI_SOLID,2014-07-11T00:00:00Z,GSM1253379,SC,CTCs,SRP032343
SRR1020085,Brx52_SC2_020413,RNA-Seq,50,64753650,PRJNA225522,SAMN02387067,38620531,GEO,public,sra,"gs,ncbi,s3","gs.US,ncbi.public,s3.us-east-1",SRX369413,GSM1253379,AB 5500xl Genetic Analyzer,SINGLE,cDNA,TRANSCRIPTOMIC,Homo sapiens,Patient#4,ABI_SOLID,2014-07-11T00:00:00Z,GSM1253379,SC,CTCs,SRP032343
SRR1020086,Brx52_SC2_020413,RNA-Seq,50,59660100,PRJNA225522,SAMN02387067,35419401,GEO,public,sra,"gs,ncbi,s3","gs.US,ncbi.public,s3.us-east-1",SRX369413,GSM1253379,AB 5500xl Genetic Analyzer,SINGLE,cDNA,TRANSCRIPTOMIC,Homo sapiens,Patient#4,ABI_SOLID,2014-07-11T00:00:00Z,GSM1253379,SC,CTCs,SRP032343
SRR1020087,Brx17_SC1_020713,RNA-Seq,50,92924700,PRJNA225522,SAMN02387068,56472350,GEO,public,sra,"gs,ncbi,s3","gs.US,ncbi.public,s3.us-east-1",SRX369414,GSM1253380,AB 5500xl Genetic Analyzer,SINGLE,cDNA,TRANSCRIPTOMIC,Homo sapiens,Patient#5,ABI_SOLID,2014-07-11T00:00:00Z,GSM1253380,SC,CTCs,SRP032343
SRR1020088,Brx17_SC1_020713,RNA-Seq,50,93580700,PRJNA225522,SAMN02387068,52975516,GEO,public,sra,"gs,ncbi,s3","gs.US,ncbi.public,s3.us-east-1",SRX369414,GSM1253380,AB 5500xl Genetic Analyzer,SINGLE,cDNA,TRANSCRIPTOMIC,Homo sapiens,Patient#5,ABI_SOLID,2014-07-11T00:00:00Z,GSM1253380,SC,CTCs,SRP032343
SRR1020089,Brx17_SC1_020713,RNA-Seq,50,102541200,PRJNA225522,SAMN02387068,57953878,GEO,public,sra,"gs,ncbi,s3","gs.US,ncbi.public,s3.us-east-1",SRX369414,GSM1253380,AB 5500xl Genetic Analyzer,SINGLE,cDNA,TRANSCRIPTOMIC,Homo sapiens,Patient#5,ABI_SOLID,2014-07-11T00:00:00Z,GSM1253380,SC,CTCs,SRP032343
SRR1020090,Brx17_SC1_020713,RNA-Seq,50,97731700,PRJNA225522,SAMN02387068,54613163,GEO,public,sra,"gs,ncbi,s3","gs.US,ncbi.public,s3.us-east-1",SRX369414,GSM1253380,AB 5500xl Genetic Analyzer,SINGLE,cDNA,TRANSCRIPTOMIC,Homo sapiens,Patient#5,ABI_SOLID,2014-07-11T00:00:00Z,GSM1253380,SC,CTCs,SRP032343
SRR1020091,Brx17_SC1_020713,RNA-Seq,50,99444600,PRJNA225522,SAMN02387068,55140707,GEO,public,sra,"gs,ncbi,s3","gs.US,ncbi.public,s3.us-east-1",SRX369414,GSM1253380,AB 5500xl Genetic Analyzer,SINGLE,cDNA,TRANSCRIPTOMIC,Homo sapiens,Patient#5,ABI_SOLID,2014-07-11T00:00:00Z,GSM1253380,SC,CTCs,SRP032343
SRR1020092,Brx17_SC1_020713,RNA-Seq,50,92215300,PRJNA225522,SAMN02387068,51766424,GEO,public,sra,"gs,ncbi,s3","gs.US,ncbi.public,s3.us-east-1",SRX369414,GSM1253380,AB 5500xl Genetic Analyzer,SINGLE,cDNA,TRANSCRIPTOMIC,Homo sapiens,Patient#5,ABI_SOLID,2014-07-11T00:00:00Z,GSM1253380,SC,CTCs,SRP032343
SRR1020093,BrTr08_1_CL2_012913,RNA-Seq,50,75969050,PRJNA225522,SAMN02387070,51147361,GEO,public,sra,"gs,ncbi,s3","gs.US,ncbi.public,s3.us-east-1",SRX369415,GSM1253381,AB 5500xl Genetic Analyzer,SINGLE,cDNA,TRANSCRIPTOMIC,Homo sapiens,Patient#2,ABI_SOLID,2014-07-11T00:00:00Z,GSM1253381,CL,CTCs,SRP032343
SRR1020094,BrTr08_1_CL2_012913,RNA-Seq,50,77943000,PRJNA225522,SAMN02387070,50119647,GEO,public,sra,"gs,ncbi,s3","gs.US,ncbi.public,s3.us-east-1",SRX369415,GSM1253381,AB 5500xl Genetic Analyzer,SINGLE,cDNA,TRANSCRIPTOMIC,Homo sapiens,Patient#2,ABI_SOLID,2014-07-11T00:00:00Z,GSM1253381,CL,CTCs,SRP032343
SRR1020095,BrTr08_1_CL2_012913,RNA-Seq,50,85650350,PRJNA225522,SAMN02387070,54996087,GEO,public,sra,"gs,ncbi,s3","gs.US,ncbi.public,s3.us-east-1",SRX369415,GSM1253381,AB 5500xl Genetic Analyzer,SINGLE,cDNA,TRANSCRIPTOMIC,Homo sapiens,Patient#2,ABI_SOLID,2014-07-11T00:00:00Z,GSM1253381,CL,CTCs,SRP032343
SRR1020096,BrTr08_1_CL2_012913,RNA-Seq,50,77992100,PRJNA225522,SAMN02387070,49689947,GEO,public,sra,"gs,ncbi,s3","gs.US,ncbi.public,s3.us-east-1",SRX369415,GSM1253381,AB 5500xl Genetic Analyzer,SINGLE,cDNA,TRANSCRIPTOMIC,Homo sapiens,Patient#2,ABI_SOLID,2014-07-11T00:00:00Z,GSM1253381,CL,CTCs,SRP032343
SRR1020097,BrTr08_1_CL2_012913,RNA-Seq,50,82650150,PRJNA225522,SAMN02387070,52302256,GEO,public,sra,"gs,ncbi,s3","gs.US,ncbi.public,s3.us-east-1",SRX369415,GSM1253381,AB 5500xl Genetic Analyzer,SINGLE,cDNA,TRANSCRIPTOMIC,Homo sapiens,Patient#2,ABI_SOLID,2014-07-11T00:00:00Z,GSM1253381,CL,CTCs,SRP032343
SRR1020098,BrTr08_1_CL2_012913,RNA-Seq,50,72998650,PRJNA225522,SAMN02387070,46627837,GEO,public,sra,"gs,ncbi,s3","gs.US,ncbi.public,s3.us-east-1",SRX369415,GSM1253381,AB 5500xl Genetic Analyzer,SINGLE,cDNA,TRANSCRIPTOMIC,Homo sapiens,Patient#2,ABI_SOLID,2014-07-11T00:00:00Z,GSM1253381,CL,CTCs,SRP032343
SRR1020099,Brx17_SC2_020713,RNA-Seq,50,60768950,PRJNA225522,SAMN02387072,39837746,GEO,public,"SOLiD_native,sra","gs,ncbi,s3","gs.US,ncbi.public,s3.us-east-1",SRX369416,GSM1253382,AB 5500xl Genetic Analyzer,SINGLE,cDNA,TRANSCRIPTOMIC,Homo sapiens,Patient#5,ABI_SOLID,2014-07-11T00:00:00Z,GSM1253382,SC,CTCs,SRP032343
SRR1020100,Brx17_SC2_020713,RNA-Seq,50,61332600,PRJNA225522,SAMN02387072,38121288,GEO,public,"SOLiD_native,sra","gs,ncbi,s3","gs.US,ncbi.public,s3.us-east-1",SRX369416,GSM1253382,AB 5500xl Genetic Analyzer,SINGLE,cDNA,TRANSCRIPTOMIC,Homo sapiens,Patient#5,ABI_SOLID,2014-07-11T00:00:00Z,GSM1253382,SC,CTCs,SRP032343
SRR1020101,Brx17_SC2_020713,RNA-Seq,50,68669150,PRJNA225522,SAMN02387072,43249264,GEO,public,"SOLiD_native,sra","gs,ncbi,s3","gs.US,ncbi.public,s3.us-east-1",SRX369416,GSM1253382,AB 5500xl Genetic Analyzer,SINGLE,cDNA,TRANSCRIPTOMIC,Homo sapiens,Patient#5,ABI_SOLID,2014-07-11T00:00:00Z,GSM1253382,SC,CTCs,SRP032343
SRR1020102,Brx17_SC2_020713,RNA-Seq,50,62570100,PRJNA225522,SAMN02387072,38909953,GEO,public,"SOLiD_native,sra","gs,ncbi,s3","gs.US,ncbi.public,s3.us-east-1",SRX369416,GSM1253382,AB 5500xl Genetic Analyzer,SINGLE,cDNA,TRANSCRIPTOMIC,Homo sapiens,Patient#5,ABI_SOLID,2014-07-11T00:00:00Z,GSM1253382,SC,CTCs,SRP032343
SRR1020103,Brx17_SC2_020713,RNA-Seq,50,65171300,PRJNA225522,SAMN02387072,40178035,GEO,public,"SOLiD_native,sra","gs,ncbi,s3","gs.US,ncbi.public,s3.us-east-1",SRX369416,GSM1253382,AB 5500xl Genetic Analyzer,SINGLE,cDNA,TRANSCRIPTOMIC,Homo sapiens,Patient#5,ABI_SOLID,2014-07-11T00:00:00Z,GSM1253382,SC,CTCs,SRP032343
SRR1020104,Brx17_SC2_020713,RNA-Seq,50,58910150,PRJNA225522,SAMN02387072,36193738,GEO,public,"SOLiD_native,sra","gs,ncbi,s3","gs.US,ncbi.public,s3.us-east-1",SRX369416,GSM1253382,AB 5500xl Genetic Analyzer,SINGLE,cDNA,TRANSCRIPTOMIC,Homo sapiens,Patient#5,ABI_SOLID,2014-07-11T00:00:00Z,GSM1253382,SC,CTCs,SRP032343
SRR1020105,Brx39_CL_011513,RNA-Seq,50,87562150,PRJNA225522,SAMN02387074,55912506,GEO,public,"SOLiD_native,sra","gs,ncbi,s3","gs.US,ncbi.public,s3.us-east-1",SRX369417,GSM1253383,AB 5500xl Genetic Analyzer,SINGLE,cDNA,TRANSCRIPTOMIC,Homo sapiens,Patient#6,ABI_SOLID,2014-07-11T00:00:00Z,GSM1253383,CL,CTCs,SRP032343
SRR1020106,Brx39_CL_011513,RNA-Seq,50,81315500,PRJNA225522,SAMN02387074,51735747,GEO,public,"SOLiD_native,sra","gs,ncbi,s3","gs.US,ncbi.public,s3.us-east-1",SRX369417,GSM1253383,AB 5500xl Genetic Analyzer,SINGLE,cDNA,TRANSCRIPTOMIC,Homo sapiens,Patient#6,ABI_SOLID,2014-07-11T00:00:00Z,GSM1253383,CL,CTCs,SRP032343
SRR1020107,Brx39_CL_011513,RNA-Seq,50,98428550,PRJNA225522,SAMN02387074,61956584,GEO,public,"SOLiD_native,sra","gs,ncbi,s3","gs.US,ncbi.public,s3.us-east-1",SRX369417,GSM1253383,AB 5500xl Genetic Analyzer,SINGLE,cDNA,TRANSCRIPTOMIC,Homo sapiens,Patient#6,ABI_SOLID,2014-07-11T00:00:00Z,GSM1253383,CL,CTCs,SRP032343
SRR1020108,Brx39_CL_011513,RNA-Seq,50,100453550,PRJNA225522,SAMN02387074,61871621,GEO,public,"SOLiD_native,sra","gs,ncbi,s3","gs.US,ncbi.public,s3.us-east-1",SRX369417,GSM1253383,AB 5500xl Genetic Analyzer,SINGLE,cDNA,TRANSCRIPTOMIC,Homo sapiens,Patient#6,ABI_SOLID,2014-07-11T00:00:00Z,GSM1253383,CL,CTCs,SRP032343
SRR1020109,Brx39_CL_011513,RNA-Seq,50,95320650,PRJNA225522,SAMN02387074,58558567,GEO,public,"SOLiD_native,sra","gs,ncbi,s3","gs.US,ncbi.public,s3.us-east-1",SRX369417,GSM1253383,AB 5500xl Genetic Analyzer,SINGLE,cDNA,TRANSCRIPTOMIC,Homo sapiens,Patient#6,ABI_SOLID,2014-07-11T00:00:00Z,GSM1253383,CL,CTCs,SRP032343
SRR1020110,Brx39_CL_011513,RNA-Seq,50,91965450,PRJNA225522,SAMN02387074,56799098,GEO,public,"SOLiD_native,sra","gs,ncbi,s3","gs.US,ncbi.public,s3.us-east-1",SRX369417,GSM1253383,AB 5500xl Genetic Analyzer,SINGLE,cDNA,TRANSCRIPTOMIC,Homo sapiens,Patient#6,ABI_SOLID,2014-07-11T00:00:00Z,GSM1253383,CL,CTCs,SRP032343
SRR1020111,Brx39_SC_011513,RNA-Seq,50,45693750,PRJNA225522,SAMN02387073,30409265,GEO,public,"SOLiD_native,sra","gs,ncbi,s3","gs.US,ncbi.public,s3.us-east-1",SRX369418,GSM1253384,AB 5500xl Genetic Analyzer,SINGLE,cDNA,TRANSCRIPTOMIC,Homo sapiens,Patient#6,ABI_SOLID,2014-07-11T00:00:00Z,GSM1253384,SC,CTCs,SRP032343
SRR1020112,Brx39_SC_011513,RNA-Seq,50,44273250,PRJNA225522,SAMN02387073,29263575,GEO,public,"SOLiD_native,sra","gs,ncbi,s3","gs.US,ncbi.public,s3.us-east-1",SRX369418,GSM1253384,AB 5500xl Genetic Analyzer,SINGLE,cDNA,TRANSCRIPTOMIC,Homo sapiens,Patient#6,ABI_SOLID,2014-07-11T00:00:00Z,GSM1253384,SC,CTCs,SRP032343
SRR1020113,Brx39_SC_011513,RNA-Seq,50,56408600,PRJNA225522,SAMN02387073,36964063,GEO,public,"SOLiD_native,sra","gs,ncbi,s3","gs.US,ncbi.public,s3.us-east-1",SRX369418,GSM1253384,AB 5500xl Genetic Analyzer,SINGLE,cDNA,TRANSCRIPTOMIC,Homo sapiens,Patient#6,ABI_SOLID,2014-07-11T00:00:00Z,GSM1253384,SC,CTCs,SRP032343
SRR1020114,Brx39_SC_011513,RNA-Seq,50,58213950,PRJNA225522,SAMN02387073,37507643,GEO,public,"SOLiD_native,sra","gs,ncbi,s3","gs.US,ncbi.public,s3.us-east-1",SRX369418,GSM1253384,AB 5500xl Genetic Analyzer,SINGLE,cDNA,TRANSCRIPTOMIC,Homo sapiens,Patient#6,ABI_SOLID,2014-07-11T00:00:00Z,GSM1253384,SC,CTCs,SRP032343
SRR1020115,Brx39_SC_011513,RNA-Seq,50,52303150,PRJNA225522,SAMN02387073,33774648,GEO,public,"SOLiD_native,sra","gs,ncbi,s3","gs.US,ncbi.public,s3.us-east-1",SRX369418,GSM1253384,AB 5500xl Genetic Analyzer,SINGLE,cDNA,TRANSCRIPTOMIC,Homo sapiens,Patient#6,ABI_SOLID,2014-07-11T00:00:00Z,GSM1253384,SC,CTCs,SRP032343
SRR1020116,Brx39_SC_011513,RNA-Seq,50,49993400,PRJNA225522,SAMN02387073,32469484,GEO,public,"SOLiD_native,sra","gs,ncbi,s3","gs.US,ncbi.public,s3.us-east-1",SRX369418,GSM1253384,AB 5500xl Genetic Analyzer,SINGLE,cDNA,TRANSCRIPTOMIC,Homo sapiens,Patient#6,ABI_SOLID,2014-07-11T00:00:00Z,GSM1253384,SC,CTCs,SRP032343
SRR1020117,Brx66_2_CL2_012913,RNA-Seq,50,65563350,PRJNA225522,SAMN02387071,42105744,GEO,public,sra,"gs,ncbi,s3","gs.US,ncbi.public,s3.us-east-1",SRX369419,GSM1253385,AB 5500xl Genetic Analyzer,SINGLE,cDNA,TRANSCRIPTOMIC,Homo sapiens,Patient#7,ABI_SOLID,2014-07-11T00:00:00Z,GSM1253385,CL,CTCs,SRP032343
SRR1020118,Brx66_2_CL2_012913,RNA-Seq,50,60956950,PRJNA225522,SAMN02387071,38573325,GEO,public,sra,"gs,ncbi,s3","gs.US,ncbi.public,s3.us-east-1",SRX369419,GSM1253385,AB 5500xl Genetic Analyzer,SINGLE,cDNA,TRANSCRIPTOMIC,Homo sapiens,Patient#7,ABI_SOLID,2014-07-11T00:00:00Z,GSM1253385,CL,CTCs,SRP032343
SRR1020119,Brx66_2_CL2_012913,RNA-Seq,50,75219400,PRJNA225522,SAMN02387071,47814144,GEO,public,sra,"gs,ncbi,s3","gs.US,ncbi.public,s3.us-east-1",SRX369419,GSM1253385,AB 5500xl Genetic Analyzer,SINGLE,cDNA,TRANSCRIPTOMIC,Homo sapiens,Patient#7,ABI_SOLID,2014-07-11T00:00:00Z,GSM1253385,CL,CTCs,SRP032343
SRR1020120,Brx66_2_CL2_012913,RNA-Seq,50,77904300,PRJNA225522,SAMN02387071,48647514,GEO,public,sra,"gs,ncbi,s3","gs.US,ncbi.public,s3.us-east-1",SRX369419,GSM1253385,AB 5500xl Genetic Analyzer,SINGLE,cDNA,TRANSCRIPTOMIC,Homo sapiens,Patient#7,ABI_SOLID,2014-07-11T00:00:00Z,GSM1253385,CL,CTCs,SRP032343
SRR1020121,Brx66_2_CL2_012913,RNA-Seq,50,73436300,PRJNA225522,SAMN02387071,45898299,GEO,public,sra,"gs,ncbi,s3","gs.US,ncbi.public,s3.us-east-1",SRX369419,GSM1253385,AB 5500xl Genetic Analyzer,SINGLE,cDNA,TRANSCRIPTOMIC,Homo sapiens,Patient#7,ABI_SOLID,2014-07-11T00:00:00Z,GSM1253385,CL,CTCs,SRP032343
SRR1020122,Brx66_2_CL2_012913,RNA-Seq,50,69952450,PRJNA225522,SAMN02387071,43840467,GEO,public,sra,"gs,ncbi,s3","gs.US,ncbi.public,s3.us-east-1",SRX369419,GSM1253385,AB 5500xl Genetic Analyzer,SINGLE,cDNA,TRANSCRIPTOMIC,Homo sapiens,Patient#7,ABI_SOLID,2014-07-11T00:00:00Z,GSM1253385,CL,CTCs,SRP032343
SRR1020123,Brx66_2_SC2_012913,RNA-Seq,50,124598850,PRJNA225522,SAMN02387075,75709226,GEO,public,sra,"gs,ncbi,s3","gs.US,ncbi.public,s3.us-east-1",SRX369420,GSM1253386,AB 5500xl Genetic Analyzer,SINGLE,cDNA,TRANSCRIPTOMIC,Homo sapiens,Patient#7,ABI_SOLID,2014-07-11T00:00:00Z,GSM1253386,SC,CTCs,SRP032343
SRR1020124,Brx66_2_SC2_012913,RNA-Seq,50,115189950,PRJNA225522,SAMN02387075,69677163,GEO,public,sra,"gs,ncbi,s3","gs.US,ncbi.public,s3.us-east-1",SRX369420,GSM1253386,AB 5500xl Genetic Analyzer,SINGLE,cDNA,TRANSCRIPTOMIC,Homo sapiens,Patient#7,ABI_SOLID,2014-07-11T00:00:00Z,GSM1253386,SC,CTCs,SRP032343
SRR1020125,Brx66_2_SC2_012913,RNA-Seq,50,138123700,PRJNA225522,SAMN02387075,82782244,GEO,public,sra,"gs,ncbi,s3","gs.US,ncbi.public,s3.us-east-1",SRX369420,GSM1253386,AB 5500xl Genetic Analyzer,SINGLE,cDNA,TRANSCRIPTOMIC,Homo sapiens,Patient#7,ABI_SOLID,2014-07-11T00:00:00Z,GSM1253386,SC,CTCs,SRP032343
SRR1020126,Brx66_2_SC2_012913,RNA-Seq,50,141356200,PRJNA225522,SAMN02387075,82887366,GEO,public,sra,"gs,ncbi,s3","gs.US,ncbi.public,s3.us-east-1",SRX369420,GSM1253386,AB 5500xl Genetic Analyzer,SINGLE,cDNA,TRANSCRIPTOMIC,Homo sapiens,Patient#7,ABI_SOLID,2014-07-11T00:00:00Z,GSM1253386,SC,CTCs,SRP032343
SRR1020127,Brx66_2_SC2_012913,RNA-Seq,50,138449750,PRJNA225522,SAMN02387075,80896498,GEO,public,sra,"gs,ncbi,s3","gs.US,ncbi.public,s3.us-east-1",SRX369420,GSM1253386,AB 5500xl Genetic Analyzer,SINGLE,cDNA,TRANSCRIPTOMIC,Homo sapiens,Patient#7,ABI_SOLID,2014-07-11T00:00:00Z,GSM1253386,SC,CTCs,SRP032343
SRR1020128,Brx66_2_SC2_012913,RNA-Seq,50,135106300,PRJNA225522,SAMN02387075,79363021,GEO,public,sra,"gs,ncbi,s3","gs.US,ncbi.public,s3.us-east-1",SRX369420,GSM1253386,AB 5500xl Genetic Analyzer,SINGLE,cDNA,TRANSCRIPTOMIC,Homo sapiens,Patient#7,ABI_SOLID,2014-07-11T00:00:00Z,GSM1253386,SC,CTCs,SRP032343
SRR1020129,Brx61_1_SC1_032012,RNA-Seq,50,188761700,PRJNA225522,SAMN02387077,107407964,GEO,public,sra,"gs,ncbi,s3","gs.US,ncbi.public,s3.us-east-1",SRX369421,GSM1253387,AB 5500xl Genetic Analyzer,SINGLE,cDNA,TRANSCRIPTOMIC,Homo sapiens,Patient#8,ABI_SOLID,2014-07-11T00:00:00Z,GSM1253387,SC,CTCs,SRP032343
SRR1020130,Brx61_1_SC1_032012,RNA-Seq,50,171171550,PRJNA225522,SAMN02387077,97746882,GEO,public,sra,"gs,ncbi,s3","gs.US,ncbi.public,s3.us-east-1",SRX369421,GSM1253387,AB 5500xl Genetic Analyzer,SINGLE,cDNA,TRANSCRIPTOMIC,Homo sapiens,Patient#8,ABI_SOLID,2014-07-11T00:00:00Z,GSM1253387,SC,CTCs,SRP032343
SRR1020131,Brx61_1_SC1_032012,RNA-Seq,50,173721550,PRJNA225522,SAMN02387077,100112781,GEO,public,sra,"gs,ncbi,s3","gs.US,ncbi.public,s3.us-east-1",SRX369421,GSM1253387,AB 5500xl Genetic Analyzer,SINGLE,cDNA,TRANSCRIPTOMIC,Homo sapiens,Patient#8,ABI_SOLID,2014-07-11T00:00:00Z,GSM1253387,SC,CTCs,SRP032343
SRR1020132,Brx61_1_SC1_032012,RNA-Seq,50,175364250,PRJNA225522,SAMN02387077,101067378,GEO,public,sra,"gs,ncbi,s3","gs.US,ncbi.public,s3.us-east-1",SRX369421,GSM1253387,AB 5500xl Genetic Analyzer,SINGLE,cDNA,TRANSCRIPTOMIC,Homo sapiens,Patient#8,ABI_SOLID,2014-07-11T00:00:00Z,GSM1253387,SC,CTCs,SRP032343
SRR1020133,Brx61_1_SC1_032012,RNA-Seq,50,168648850,PRJNA225522,SAMN02387077,96807859,GEO,public,sra,"gs,ncbi,s3","gs.US,ncbi.public,s3.us-east-1",SRX369421,GSM1253387,AB 5500xl Genetic Analyzer,SINGLE,cDNA,TRANSCRIPTOMIC,Homo sapiens,Patient#8,ABI_SOLID,2014-07-11T00:00:00Z,GSM1253387,SC,CTCs,SRP032343
SRR1020134,Brx61_1_SC1_032012,RNA-Seq,50,158687600,PRJNA225522,SAMN02387077,91595353,GEO,public,sra,"gs,ncbi,s3","gs.US,ncbi.public,s3.us-east-1",SRX369421,GSM1253387,AB 5500xl Genetic Analyzer,SINGLE,cDNA,TRANSCRIPTOMIC,Homo sapiens,Patient#8,ABI_SOLID,2014-07-11T00:00:00Z,GSM1253387,SC,CTCs,SRP032343
SRR1020135,Brx11_CL_020413,RNA-Seq,50,89668950,PRJNA225522,SAMN02387076,54814336,GEO,public,sra,"gs,ncbi,s3","gs.US,ncbi.public,s3.us-east-1",SRX369422,GSM1253388,AB 5500xl Genetic Analyzer,SINGLE,cDNA,TRANSCRIPTOMIC,Homo sapiens,Patient#9,ABI_SOLID,2014-07-11T00:00:00Z,GSM1253388,CL,CTCs,SRP032343
SRR1020136,Brx11_CL_020413,RNA-Seq,50,86933300,PRJNA225522,SAMN02387076,49260468,GEO,public,sra,"gs,ncbi,s3","gs.US,ncbi.public,s3.us-east-1",SRX369422,GSM1253388,AB 5500xl Genetic Analyzer,SINGLE,cDNA,TRANSCRIPTOMIC,Homo sapiens,Patient#9,ABI_SOLID,2014-07-11T00:00:00Z,GSM1253388,CL,CTCs,SRP032343
SRR1020137,Brx11_CL_020413,RNA-Seq,50,94796950,PRJNA225522,SAMN02387076,53496090,GEO,public,sra,"gs,ncbi,s3","gs.US,ncbi.public,s3.us-east-1",SRX369422,GSM1253388,AB 5500xl Genetic Analyzer,SINGLE,cDNA,TRANSCRIPTOMIC,Homo sapiens,Patient#9,ABI_SOLID,2014-07-11T00:00:00Z,GSM1253388,CL,CTCs,SRP032343
SRR1020138,Brx11_CL_020413,RNA-Seq,50,93362900,PRJNA225522,SAMN02387076,52466066,GEO,public,sra,"gs,ncbi,s3","gs.US,ncbi.public,s3.us-east-1",SRX369422,GSM1253388,AB 5500xl Genetic Analyzer,SINGLE,cDNA,TRANSCRIPTOMIC,Homo sapiens,Patient#9,ABI_SOLID,2014-07-11T00:00:00Z,GSM1253388,CL,CTCs,SRP032343
SRR1020139,Brx11_CL_020413,RNA-Seq,50,93733200,PRJNA225522,SAMN02387076,52230710,GEO,public,sra,"gs,ncbi,s3","gs.US,ncbi.public,s3.us-east-1",SRX369422,GSM1253388,AB 5500xl Genetic Analyzer,SINGLE,cDNA,TRANSCRIPTOMIC,Homo sapiens,Patient#9,ABI_SOLID,2014-07-11T00:00:00Z,GSM1253388,CL,CTCs,SRP032343
SRR1020140,Brx11_CL_020413,RNA-Seq,50,88692100,PRJNA225522,SAMN02387076,49933045,GEO,public,sra,"gs,ncbi,s3","gs.US,ncbi.public,s3.us-east-1",SRX369422,GSM1253388,AB 5500xl Genetic Analyzer,SINGLE,cDNA,TRANSCRIPTOMIC,Homo sapiens,Patient#9,ABI_SOLID,2014-07-11T00:00:00Z,GSM1253388,CL,CTCs,SRP032343
SRR1020141,Brx11_SC_020413,RNA-Seq,50,84288600,PRJNA225522,SAMN02387079,51418027,GEO,public,sra,"gs,ncbi,s3","gs.US,ncbi.public,s3.us-east-1",SRX369423,GSM1253389,AB 5500xl Genetic Analyzer,SINGLE,cDNA,TRANSCRIPTOMIC,Homo sapiens,Patient#9,ABI_SOLID,2014-07-11T00:00:00Z,GSM1253389,SC,CTCs,SRP032343
SRR1020142,Brx11_SC_020413,RNA-Seq,50,85059100,PRJNA225522,SAMN02387079,48402258,GEO,public,sra,"gs,ncbi,s3","gs.US,ncbi.public,s3.us-east-1",SRX369423,GSM1253389,AB 5500xl Genetic Analyzer,SINGLE,cDNA,TRANSCRIPTOMIC,Homo sapiens,Patient#9,ABI_SOLID,2014-07-11T00:00:00Z,GSM1253389,SC,CTCs,SRP032343
SRR1020143,Brx11_SC_020413,RNA-Seq,50,92006100,PRJNA225522,SAMN02387079,52174269,GEO,public,sra,"gs,ncbi,s3","gs.US,ncbi.public,s3.us-east-1",SRX369423,GSM1253389,AB 5500xl Genetic Analyzer,SINGLE,cDNA,TRANSCRIPTOMIC,Homo sapiens,Patient#9,ABI_SOLID,2014-07-11T00:00:00Z,GSM1253389,SC,CTCs,SRP032343
SRR1020144,Brx11_SC_020413,RNA-Seq,50,88870700,PRJNA225522,SAMN02387079,49974679,GEO,public,sra,"gs,ncbi,s3","gs.US,ncbi.public,s3.us-east-1",SRX369423,GSM1253389,AB 5500xl Genetic Analyzer,SINGLE,cDNA,TRANSCRIPTOMIC,Homo sapiens,Patient#9,ABI_SOLID,2014-07-11T00:00:00Z,GSM1253389,SC,CTCs,SRP032343
SRR1020145,Brx11_SC_020413,RNA-Seq,50,90321550,PRJNA225522,SAMN02387079,50477582,GEO,public,sra,"gs,ncbi,s3","gs.US,ncbi.public,s3.us-east-1",SRX369423,GSM1253389,AB 5500xl Genetic Analyzer,SINGLE,cDNA,TRANSCRIPTOMIC,Homo sapiens,Patient#9,ABI_SOLID,2014-07-11T00:00:00Z,GSM1253389,SC,CTCs,SRP032343
SRR1020146,Brx11_SC_020413,RNA-Seq,50,84952350,PRJNA225522,SAMN02387079,47919747,GEO,public,sra,"gs,ncbi,s3","gs.US,ncbi.public,s3.us-east-1",SRX369423,GSM1253389,AB 5500xl Genetic Analyzer,SINGLE,cDNA,TRANSCRIPTOMIC,Homo sapiens,Patient#9,ABI_SOLID,2014-07-11T00:00:00Z,GSM1253389,SC,CTCs,SRP032343
SRR1020147,Brx66_2_SC1_012913,RNA-Seq,50,88220200,PRJNA225522,SAMN02387078,53283819,GEO,public,sra,"gs,ncbi,s3","gs.US,ncbi.public,s3.us-east-1",SRX369424,GSM1253390,AB 5500xl Genetic Analyzer,SINGLE,cDNA,TRANSCRIPTOMIC,Homo sapiens,Patient#7,ABI_SOLID,2014-07-11T00:00:00Z,GSM1253390,SC,CTCs,SRP032343
SRR1020148,Brx66_2_SC1_012913,RNA-Seq,50,83107450,PRJNA225522,SAMN02387078,49998411,GEO,public,sra,"gs,ncbi,s3","gs.US,ncbi.public,s3.us-east-1",SRX369424,GSM1253390,AB 5500xl Genetic Analyzer,SINGLE,cDNA,TRANSCRIPTOMIC,Homo sapiens,Patient#7,ABI_SOLID,2014-07-11T00:00:00Z,GSM1253390,SC,CTCs,SRP032343
SRR1020149,Brx66_2_SC1_012913,RNA-Seq,50,100936950,PRJNA225522,SAMN02387078,59705127,GEO,public,sra,"gs,ncbi,s3","gs.US,ncbi.public,s3.us-east-1",SRX369424,GSM1253390,AB 5500xl Genetic Analyzer,SINGLE,cDNA,TRANSCRIPTOMIC,Homo sapiens,Patient#7,ABI_SOLID,2014-07-11T00:00:00Z,GSM1253390,SC,CTCs,SRP032343
SRR1020150,Brx66_2_SC1_012913,RNA-Seq,50,103782850,PRJNA225522,SAMN02387078,60045238,GEO,public,sra,"gs,ncbi,s3","gs.US,ncbi.public,s3.us-east-1",SRX369424,GSM1253390,AB 5500xl Genetic Analyzer,SINGLE,cDNA,TRANSCRIPTOMIC,Homo sapiens,Patient#7,ABI_SOLID,2014-07-11T00:00:00Z,GSM1253390,SC,CTCs,SRP032343
SRR1020151,Brx66_2_SC1_012913,RNA-Seq,50,98229800,PRJNA225522,SAMN02387078,56597094,GEO,public,sra,"gs,ncbi,s3","gs.US,ncbi.public,s3.us-east-1",SRX369424,GSM1253390,AB 5500xl Genetic Analyzer,SINGLE,cDNA,TRANSCRIPTOMIC,Homo sapiens,Patient#7,ABI_SOLID,2014-07-11T00:00:00Z,GSM1253390,SC,CTCs,SRP032343
SRR1020152,Brx66_2_SC1_012913,RNA-Seq,50,95761600,PRJNA225522,SAMN02387078,55684481,GEO,public,sra,"gs,ncbi,s3","gs.US,ncbi.public,s3.us-east-1",SRX369424,GSM1253390,AB 5500xl Genetic Analyzer,SINGLE,cDNA,TRANSCRIPTOMIC,Homo sapiens,Patient#7,ABI_SOLID,2014-07-11T00:00:00Z,GSM1253390,SC,CTCs,SRP032343
SRR1020153,Brx17_CL1_020713,RNA-Seq,50,89087900,PRJNA225522,SAMN02387080,60831779,GEO,public,"SOLiD_native,sra","gs,ncbi,s3","gs.US,ncbi.public,s3.us-east-1",SRX369425,GSM1253391,AB 5500xl Genetic Analyzer,SINGLE,cDNA,TRANSCRIPTOMIC,Homo sapiens,Patient#5,ABI_SOLID,2014-07-11T00:00:00Z,GSM1253391,CL,CTCs,SRP032343
SRR1020154,Brx17_CL1_020713,RNA-Seq,50,80973200,PRJNA225522,SAMN02387080,54923512,GEO,public,"SOLiD_native,sra","gs,ncbi,s3","gs.US,ncbi.public,s3.us-east-1",SRX369425,GSM1253391,AB 5500xl Genetic Analyzer,SINGLE,cDNA,TRANSCRIPTOMIC,Homo sapiens,Patient#5,ABI_SOLID,2014-07-11T00:00:00Z,GSM1253391,CL,CTCs,SRP032343
SRR1020155,Brx17_CL1_020713,RNA-Seq,50,89215800,PRJNA225522,SAMN02387080,60072387,GEO,public,"SOLiD_native,sra","gs,ncbi,s3","gs.US,ncbi.public,s3.us-east-1",SRX369425,GSM1253391,AB 5500xl Genetic Analyzer,SINGLE,cDNA,TRANSCRIPTOMIC,Homo sapiens,Patient#5,ABI_SOLID,2014-07-11T00:00:00Z,GSM1253391,CL,CTCs,SRP032343
SRR1020156,Brx17_CL1_020713,RNA-Seq,50,86528400,PRJNA225522,SAMN02387080,58645195,GEO,public,"SOLiD_native,sra","gs,ncbi,s3","gs.US,ncbi.public,s3.us-east-1",SRX369425,GSM1253391,AB 5500xl Genetic Analyzer,SINGLE,cDNA,TRANSCRIPTOMIC,Homo sapiens,Patient#5,ABI_SOLID,2014-07-11T00:00:00Z,GSM1253391,CL,CTCs,SRP032343
SRR1020157,Brx17_CL1_020713,RNA-Seq,50,95711200,PRJNA225522,SAMN02387080,65014166,GEO,public,"SOLiD_native,sra","gs,ncbi,s3","gs.US,ncbi.public,s3.us-east-1",SRX369425,GSM1253391,AB 5500xl Genetic Analyzer,SINGLE,cDNA,TRANSCRIPTOMIC,Homo sapiens,Patient#5,ABI_SOLID,2014-07-11T00:00:00Z,GSM1253391,CL,CTCs,SRP032343
SRR1020158,Brx52_SC1_020413,RNA-Seq,50,69128350,PRJNA225522,SAMN02387081,42871562,GEO,public,sra,"gs,ncbi,s3","gs.US,ncbi.public,s3.us-east-1",SRX369426,GSM1253392,AB 5500xl Genetic Analyzer,SINGLE,cDNA,TRANSCRIPTOMIC,Homo sapiens,Patient#4,ABI_SOLID,2014-07-11T00:00:00Z,GSM1253392,SC,CTCs,SRP032343
SRR1020159,Brx52_SC1_020413,RNA-Seq,50,68867350,PRJNA225522,SAMN02387081,39989302,GEO,public,sra,"gs,ncbi,s3","gs.US,ncbi.public,s3.us-east-1",SRX369426,GSM1253392,AB 5500xl Genetic Analyzer,SINGLE,cDNA,TRANSCRIPTOMIC,Homo sapiens,Patient#4,ABI_SOLID,2014-07-11T00:00:00Z,GSM1253392,SC,CTCs,SRP032343
SRR1020160,Brx52_SC1_020413,RNA-Seq,50,73329850,PRJNA225522,SAMN02387081,42215889,GEO,public,sra,"gs,ncbi,s3","gs.US,ncbi.public,s3.us-east-1",SRX369426,GSM1253392,AB 5500xl Genetic Analyzer,SINGLE,cDNA,TRANSCRIPTOMIC,Homo sapiens,Patient#4,ABI_SOLID,2014-07-11T00:00:00Z,GSM1253392,SC,CTCs,SRP032343
SRR1020161,Brx52_SC1_020413,RNA-Seq,50,74423800,PRJNA225522,SAMN02387081,42571217,GEO,public,sra,"gs,ncbi,s3","gs.US,ncbi.public,s3.us-east-1",SRX369426,GSM1253392,AB 5500xl Genetic Analyzer,SINGLE,cDNA,TRANSCRIPTOMIC,Homo sapiens,Patient#4,ABI_SOLID,2014-07-11T00:00:00Z,GSM1253392,SC,CTCs,SRP032343
SRR1020162,Brx52_SC1_020413,RNA-Seq,50,72758000,PRJNA225522,SAMN02387081,41190954,GEO,public,sra,"gs,ncbi,s3","gs.US,ncbi.public,s3.us-east-1",SRX369426,GSM1253392,AB 5500xl Genetic Analyzer,SINGLE,cDNA,TRANSCRIPTOMIC,Homo sapiens,Patient#4,ABI_SOLID,2014-07-11T00:00:00Z,GSM1253392,SC,CTCs,SRP032343
SRR1020163,Brx52_SC1_020413,RNA-Seq,50,72415050,PRJNA225522,SAMN02387081,41626619,GEO,public,sra,"gs,ncbi,s3","gs.US,ncbi.public,s3.us-east-1",SRX369426,GSM1253392,AB 5500xl Genetic Analyzer,SINGLE,cDNA,TRANSCRIPTOMIC,Homo sapiens,Patient#4,ABI_SOLID,2014-07-11T00:00:00Z,GSM1253392,SC,CTCs,SRP032343
SRR1020164,Brx52_CL5_020413,RNA-Seq,50,72360300,PRJNA225522,SAMN02387086,44677103,GEO,public,sra,"gs,ncbi,s3","gs.US,ncbi.public,s3.us-east-1",SRX369427,GSM1253393,AB 5500xl Genetic Analyzer,SINGLE,cDNA,TRANSCRIPTOMIC,Homo sapiens,Patient#4,ABI_SOLID,2014-07-11T00:00:00Z,GSM1253393,CL,CTCs,SRP032343
SRR1020165,Brx52_CL5_020413,RNA-Seq,50,72567450,PRJNA225522,SAMN02387086,41901684,GEO,public,sra,"gs,ncbi,s3","gs.US,ncbi.public,s3.us-east-1",SRX369427,GSM1253393,AB 5500xl Genetic Analyzer,SINGLE,cDNA,TRANSCRIPTOMIC,Homo sapiens,Patient#4,ABI_SOLID,2014-07-11T00:00:00Z,GSM1253393,CL,CTCs,SRP032343
SRR1020166,Brx52_CL5_020413,RNA-Seq,50,77980800,PRJNA225522,SAMN02387086,44882979,GEO,public,sra,"gs,ncbi,s3","gs.US,ncbi.public,s3.us-east-1",SRX369427,GSM1253393,AB 5500xl Genetic Analyzer,SINGLE,cDNA,TRANSCRIPTOMIC,Homo sapiens,Patient#4,ABI_SOLID,2014-07-11T00:00:00Z,GSM1253393,CL,CTCs,SRP032343
SRR1020167,Brx52_CL5_020413,RNA-Seq,50,74197950,PRJNA225522,SAMN02387086,42327677,GEO,public,sra,"gs,ncbi,s3","gs.US,ncbi.public,s3.us-east-1",SRX369427,GSM1253393,AB 5500xl Genetic Analyzer,SINGLE,cDNA,TRANSCRIPTOMIC,Homo sapiens,Patient#4,ABI_SOLID,2014-07-11T00:00:00Z,GSM1253393,CL,CTCs,SRP032343
SRR1020168,Brx52_CL5_020413,RNA-Seq,50,76641000,PRJNA225522,SAMN02387086,43268524,GEO,public,sra,"gs,ncbi,s3","gs.US,ncbi.public,s3.us-east-1",SRX369427,GSM1253393,AB 5500xl Genetic Analyzer,SINGLE,cDNA,TRANSCRIPTOMIC,Homo sapiens,Patient#4,ABI_SOLID,2014-07-11T00:00:00Z,GSM1253393,CL,CTCs,SRP032343
SRR1020169,Brx52_CL5_020413,RNA-Seq,50,70832650,PRJNA225522,SAMN02387086,40591032,GEO,public,sra,"gs,ncbi,s3","gs.US,ncbi.public,s3.us-east-1",SRX369427,GSM1253393,AB 5500xl Genetic Analyzer,SINGLE,cDNA,TRANSCRIPTOMIC,Homo sapiens,Patient#4,ABI_SOLID,2014-07-11T00:00:00Z,GSM1253393,CL,CTCs,SRP032343
SRR1020170,Brx52_CL1_020413,RNA-Seq,50,63766400,PRJNA225522,SAMN02387082,38313187,GEO,public,sra,"gs,ncbi,s3","gs.US,ncbi.public,s3.us-east-1",SRX369428,GSM1253394,AB 5500xl Genetic Analyzer,SINGLE,cDNA,TRANSCRIPTOMIC,Homo sapiens,Patient#4,ABI_SOLID,2014-07-11T00:00:00Z,GSM1253394,CL,CTCs,SRP032343
SRR1020171,Brx52_CL1_020413,RNA-Seq,50,63540350,PRJNA225522,SAMN02387082,35200385,GEO,public,sra,"gs,ncbi,s3","gs.US,ncbi.public,s3.us-east-1",SRX369428,GSM1253394,AB 5500xl Genetic Analyzer,SINGLE,cDNA,TRANSCRIPTOMIC,Homo sapiens,Patient#4,ABI_SOLID,2014-07-11T00:00:00Z,GSM1253394,CL,CTCs,SRP032343
SRR1020172,Brx52_CL1_020413,RNA-Seq,50,70744600,PRJNA225522,SAMN02387082,39672644,GEO,public,sra,"gs,ncbi,s3","gs.US,ncbi.public,s3.us-east-1",SRX369428,GSM1253394,AB 5500xl Genetic Analyzer,SINGLE,cDNA,TRANSCRIPTOMIC,Homo sapiens,Patient#4,ABI_SOLID,2014-07-11T00:00:00Z,GSM1253394,CL,CTCs,SRP032343
SRR1020173,Brx52_CL1_020413,RNA-Seq,50,68129700,PRJNA225522,SAMN02387082,37719780,GEO,public,sra,"gs,ncbi,s3","gs.US,ncbi.public,s3.us-east-1",SRX369428,GSM1253394,AB 5500xl Genetic Analyzer,SINGLE,cDNA,TRANSCRIPTOMIC,Homo sapiens,Patient#4,ABI_SOLID,2014-07-11T00:00:00Z,GSM1253394,CL,CTCs,SRP032343
SRR1020174,Brx52_CL1_020413,RNA-Seq,50,69336050,PRJNA225522,SAMN02387082,38202809,GEO,public,sra,"gs,ncbi,s3","gs.US,ncbi.public,s3.us-east-1",SRX369428,GSM1253394,AB 5500xl Genetic Analyzer,SINGLE,cDNA,TRANSCRIPTOMIC,Homo sapiens,Patient#4,ABI_SOLID,2014-07-11T00:00:00Z,GSM1253394,CL,CTCs,SRP032343
SRR1020175,Brx52_CL1_020413,RNA-Seq,50,65753750,PRJNA225522,SAMN02387082,36408169,GEO,public,sra,"gs,ncbi,s3","gs.US,ncbi.public,s3.us-east-1",SRX369428,GSM1253394,AB 5500xl Genetic Analyzer,SINGLE,cDNA,TRANSCRIPTOMIC,Homo sapiens,Patient#4,ABI_SOLID,2014-07-11T00:00:00Z,GSM1253394,CL,CTCs,SRP032343
SRR1020176,Brx52_CL2_020413,RNA-Seq,50,61395750,PRJNA225522,SAMN02387085,37343866,GEO,public,sra,"gs,ncbi,s3","gs.US,ncbi.public,s3.us-east-1",SRX369429,GSM1253395,AB 5500xl Genetic Analyzer,SINGLE,cDNA,TRANSCRIPTOMIC,Homo sapiens,Patient#4,ABI_SOLID,2014-07-11T00:00:00Z,GSM1253395,CL,CTCs,SRP032343
SRR1020177,Brx52_CL2_020413,RNA-Seq,50,62455850,PRJNA225522,SAMN02387085,35366565,GEO,public,sra,"gs,ncbi,s3","gs.US,ncbi.public,s3.us-east-1",SRX369429,GSM1253395,AB 5500xl Genetic Analyzer,SINGLE,cDNA,TRANSCRIPTOMIC,Homo sapiens,Patient#4,ABI_SOLID,2014-07-11T00:00:00Z,GSM1253395,CL,CTCs,SRP032343
SRR1020178,Brx52_CL2_020413,RNA-Seq,50,66431150,PRJNA225522,SAMN02387085,37723559,GEO,public,sra,"gs,ncbi,s3","gs.US,ncbi.public,s3.us-east-1",SRX369429,GSM1253395,AB 5500xl Genetic Analyzer,SINGLE,cDNA,TRANSCRIPTOMIC,Homo sapiens,Patient#4,ABI_SOLID,2014-07-11T00:00:00Z,GSM1253395,CL,CTCs,SRP032343
SRR1020179,Brx52_CL2_020413,RNA-Seq,50,62497200,PRJNA225522,SAMN02387085,35179153,GEO,public,sra,"gs,ncbi,s3","gs.US,ncbi.public,s3.us-east-1",SRX369429,GSM1253395,AB 5500xl Genetic Analyzer,SINGLE,cDNA,TRANSCRIPTOMIC,Homo sapiens,Patient#4,ABI_SOLID,2014-07-11T00:00:00Z,GSM1253395,CL,CTCs,SRP032343
SRR1020180,Brx52_CL2_020413,RNA-Seq,50,65582450,PRJNA225522,SAMN02387085,36529458,GEO,public,sra,"gs,ncbi,s3","gs.US,ncbi.public,s3.us-east-1",SRX369429,GSM1253395,AB 5500xl Genetic Analyzer,SINGLE,cDNA,TRANSCRIPTOMIC,Homo sapiens,Patient#4,ABI_SOLID,2014-07-11T00:00:00Z,GSM1253395,CL,CTCs,SRP032343
SRR1020181,Brx52_CL2_020413,RNA-Seq,50,60895600,PRJNA225522,SAMN02387085,34099379,GEO,public,sra,"gs,ncbi,s3","gs.US,ncbi.public,s3.us-east-1",SRX369429,GSM1253395,AB 5500xl Genetic Analyzer,SINGLE,cDNA,TRANSCRIPTOMIC,Homo sapiens,Patient#4,ABI_SOLID,2014-07-11T00:00:00Z,GSM1253395,CL,CTCs,SRP032343
SRR1020182,Brx12_CL_012913,RNA-Seq,50,78251450,PRJNA225522,SAMN02387084,47181167,GEO,public,"SOLiD_native,sra","gs,ncbi,s3","gs.US,ncbi.public,s3.us-east-1",SRX369430,GSM1253396,AB 5500xl Genetic Analyzer,SINGLE,cDNA,TRANSCRIPTOMIC,Homo sapiens,Patient#3,ABI_SOLID,2014-07-11T00:00:00Z,GSM1253396,CL,CTCs,SRP032343
SRR1020183,Brx12_CL_012913,RNA-Seq,50,72571250,PRJNA225522,SAMN02387084,43659612,GEO,public,"SOLiD_native,sra","gs,ncbi,s3","gs.US,ncbi.public,s3.us-east-1",SRX369430,GSM1253396,AB 5500xl Genetic Analyzer,SINGLE,cDNA,TRANSCRIPTOMIC,Homo sapiens,Patient#3,ABI_SOLID,2014-07-11T00:00:00Z,GSM1253396,CL,CTCs,SRP032343
SRR1020184,Brx12_CL_012913,RNA-Seq,50,87993500,PRJNA225522,SAMN02387084,52174888,GEO,public,"SOLiD_native,sra","gs,ncbi,s3","gs.US,ncbi.public,s3.us-east-1",SRX369430,GSM1253396,AB 5500xl Genetic Analyzer,SINGLE,cDNA,TRANSCRIPTOMIC,Homo sapiens,Patient#3,ABI_SOLID,2014-07-11T00:00:00Z,GSM1253396,CL,CTCs,SRP032343
SRR1020185,Brx12_CL_012913,RNA-Seq,50,90017300,PRJNA225522,SAMN02387084,52165103,GEO,public,"SOLiD_native,sra","gs,ncbi,s3","gs.US,ncbi.public,s3.us-east-1",SRX369430,GSM1253396,AB 5500xl Genetic Analyzer,SINGLE,cDNA,TRANSCRIPTOMIC,Homo sapiens,Patient#3,ABI_SOLID,2014-07-11T00:00:00Z,GSM1253396,CL,CTCs,SRP032343
SRR1020186,Brx12_CL_012913,RNA-Seq,50,87115550,PRJNA225522,SAMN02387084,50359089,GEO,public,"SOLiD_native,sra","gs,ncbi,s3","gs.US,ncbi.public,s3.us-east-1",SRX369430,GSM1253396,AB 5500xl Genetic Analyzer,SINGLE,cDNA,TRANSCRIPTOMIC,Homo sapiens,Patient#3,ABI_SOLID,2014-07-11T00:00:00Z,GSM1253396,CL,CTCs,SRP032343
SRR1020187,Brx12_CL_012913,RNA-Seq,50,85208050,PRJNA225522,SAMN02387084,49565518,GEO,public,"SOLiD_native,sra","gs,ncbi,s3","gs.US,ncbi.public,s3.us-east-1",SRX369430,GSM1253396,AB 5500xl Genetic Analyzer,SINGLE,cDNA,TRANSCRIPTOMIC,Homo sapiens,Patient#3,ABI_SOLID,2014-07-11T00:00:00Z,GSM1253396,CL,CTCs,SRP032343
SRR1020188,BrTr11_SC1_022513,RNA-Seq,50,65251450,PRJNA225522,SAMN02387083,40459280,GEO,public,"SOLiD_native,sra","gs,ncbi,s3","gs.US,ncbi.public,s3.us-east-1",SRX369431,GSM1253397,AB 5500xl Genetic Analyzer,SINGLE,cDNA,TRANSCRIPTOMIC,Homo sapiens,Patient#10,ABI_SOLID,2014-07-11T00:00:00Z,GSM1253397,SC,CTCs,SRP032343
SRR1020189,BrTr11_SC1_022513,RNA-Seq,50,58714300,PRJNA225522,SAMN02387083,34988733,GEO,public,"SOLiD_native,sra","gs,ncbi,s3","gs.US,ncbi.public,s3.us-east-1",SRX369431,GSM1253397,AB 5500xl Genetic Analyzer,SINGLE,cDNA,TRANSCRIPTOMIC,Homo sapiens,Patient#10,ABI_SOLID,2014-07-11T00:00:00Z,GSM1253397,SC,CTCs,SRP032343
SRR1020190,BrTr11_SC1_022513,RNA-Seq,50,61431950,PRJNA225522,SAMN02387083,36318526,GEO,public,"SOLiD_native,sra","gs,ncbi,s3","gs.US,ncbi.public,s3.us-east-1",SRX369431,GSM1253397,AB 5500xl Genetic Analyzer,SINGLE,cDNA,TRANSCRIPTOMIC,Homo sapiens,Patient#10,ABI_SOLID,2014-07-11T00:00:00Z,GSM1253397,SC,CTCs,SRP032343
SRR1020191,BrTr11_SC1_022513,RNA-Seq,50,60008300,PRJNA225522,SAMN02387083,35763786,GEO,public,"SOLiD_native,sra","gs,ncbi,s3","gs.US,ncbi.public,s3.us-east-1",SRX369431,GSM1253397,AB 5500xl Genetic Analyzer,SINGLE,cDNA,TRANSCRIPTOMIC,Homo sapiens,Patient#10,ABI_SOLID,2014-07-11T00:00:00Z,GSM1253397,SC,CTCs,SRP032343
SRR1020192,BrTr11_SC1_022513,RNA-Seq,50,59702550,PRJNA225522,SAMN02387083,35579364,GEO,public,"SOLiD_native,sra","gs,ncbi,s3","gs.US,ncbi.public,s3.us-east-1",SRX369431,GSM1253397,AB 5500xl Genetic Analyzer,SINGLE,cDNA,TRANSCRIPTOMIC,Homo sapiens,Patient#10,ABI_SOLID,2014-07-11T00:00:00Z,GSM1253397,SC,CTCs,SRP032343
SRR1020193,BrTr11_CL1_022513,RNA-Seq,50,65184200,PRJNA225522,SAMN02387087,39563991,GEO,public,sra,"gs,ncbi,s3","gs.US,ncbi.public,s3.us-east-1",SRX369432,GSM1253398,AB 5500xl Genetic Analyzer,SINGLE,cDNA,TRANSCRIPTOMIC,Homo sapiens,Patient#10,ABI_SOLID,2014-07-11T00:00:00Z,GSM1253398,CL,CTCs,SRP032343
SRR1020194,BrTr11_CL1_022513,RNA-Seq,50,58468450,PRJNA225522,SAMN02387087,34019714,GEO,public,sra,"gs,ncbi,s3","gs.US,ncbi.public,s3.us-east-1",SRX369432,GSM1253398,AB 5500xl Genetic Analyzer,SINGLE,cDNA,TRANSCRIPTOMIC,Homo sapiens,Patient#10,ABI_SOLID,2014-07-11T00:00:00Z,GSM1253398,CL,CTCs,SRP032343
SRR1020195,BrTr11_CL1_022513,RNA-Seq,50,62599000,PRJNA225522,SAMN02387087,36411521,GEO,public,sra,"gs,ncbi,s3","gs.US,ncbi.public,s3.us-east-1",SRX369432,GSM1253398,AB 5500xl Genetic Analyzer,SINGLE,cDNA,TRANSCRIPTOMIC,Homo sapiens,Patient#10,ABI_SOLID,2014-07-11T00:00:00Z,GSM1253398,CL,CTCs,SRP032343
SRR1020196,BrTr11_CL1_022513,RNA-Seq,50,62807600,PRJNA225522,SAMN02387087,36534230,GEO,public,sra,"gs,ncbi,s3","gs.US,ncbi.public,s3.us-east-1",SRX369432,GSM1253398,AB 5500xl Genetic Analyzer,SINGLE,cDNA,TRANSCRIPTOMIC,Homo sapiens,Patient#10,ABI_SOLID,2014-07-11T00:00:00Z,GSM1253398,CL,CTCs,SRP032343
SRR1020197,BrTr11_CL1_022513,RNA-Seq,50,60234250,PRJNA225522,SAMN02387087,35245687,GEO,public,sra,"gs,ncbi,s3","gs.US,ncbi.public,s3.us-east-1",SRX369432,GSM1253398,AB 5500xl Genetic Analyzer,SINGLE,cDNA,TRANSCRIPTOMIC,Homo sapiens,Patient#10,ABI_SOLID,2014-07-11T00:00:00Z,GSM1253398,CL,CTCs,SRP032343
SRR1020198,BrTr11_CL1_022513,RNA-Seq,50,62419050,PRJNA225522,SAMN02387087,36673663,GEO,public,sra,"gs,ncbi,s3","gs.US,ncbi.public,s3.us-east-1",SRX369432,GSM1253398,AB 5500xl Genetic Analyzer,SINGLE,cDNA,TRANSCRIPTOMIC,Homo sapiens,Patient#10,ABI_SOLID,2014-07-11T00:00:00Z,GSM1253398,CL,CTCs,SRP032343
SRR1020199,BrTr11_CL2_022513,RNA-Seq,50,69664850,PRJNA225522,SAMN02387089,42158587,GEO,public,sra,"gs,ncbi,s3","gs.US,ncbi.public,s3.us-east-1",SRX369433,GSM1253399,AB 5500xl Genetic Analyzer,SINGLE,cDNA,TRANSCRIPTOMIC,Homo sapiens,Patient#10,ABI_SOLID,2014-07-11T00:00:00Z,GSM1253399,CL,CTCs,SRP032343
SRR1020200,BrTr11_CL2_022513,RNA-Seq,50,62567950,PRJNA225522,SAMN02387089,36618616,GEO,public,sra,"gs,ncbi,s3","gs.US,ncbi.public,s3.us-east-1",SRX369433,GSM1253399,AB 5500xl Genetic Analyzer,SINGLE,cDNA,TRANSCRIPTOMIC,Homo sapiens,Patient#10,ABI_SOLID,2014-07-11T00:00:00Z,GSM1253399,CL,CTCs,SRP032343
SRR1020201,BrTr11_CL2_022513,RNA-Seq,50,67244000,PRJNA225522,SAMN02387089,39386379,GEO,public,sra,"gs,ncbi,s3","gs.US,ncbi.public,s3.us-east-1",SRX369433,GSM1253399,AB 5500xl Genetic Analyzer,SINGLE,cDNA,TRANSCRIPTOMIC,Homo sapiens,Patient#10,ABI_SOLID,2014-07-11T00:00:00Z,GSM1253399,CL,CTCs,SRP032343
SRR1020202,BrTr11_CL2_022513,RNA-Seq,50,67741800,PRJNA225522,SAMN02387089,39637351,GEO,public,sra,"gs,ncbi,s3","gs.US,ncbi.public,s3.us-east-1",SRX369433,GSM1253399,AB 5500xl Genetic Analyzer,SINGLE,cDNA,TRANSCRIPTOMIC,Homo sapiens,Patient#10,ABI_SOLID,2014-07-11T00:00:00Z,GSM1253399,CL,CTCs,SRP032343
SRR1020203,BrTr11_CL2_022513,RNA-Seq,50,63785400,PRJNA225522,SAMN02387089,37400650,GEO,public,sra,"gs,ncbi,s3","gs.US,ncbi.public,s3.us-east-1",SRX369433,GSM1253399,AB 5500xl Genetic Analyzer,SINGLE,cDNA,TRANSCRIPTOMIC,Homo sapiens,Patient#10,ABI_SOLID,2014-07-11T00:00:00Z,GSM1253399,CL,CTCs,SRP032343
SRR1020204,BrTr11_CL2_022513,RNA-Seq,50,63104050,PRJNA225522,SAMN02387089,36877995,GEO,public,sra,"gs,ncbi,s3","gs.US,ncbi.public,s3.us-east-1",SRX369433,GSM1253399,AB 5500xl Genetic Analyzer,SINGLE,cDNA,TRANSCRIPTOMIC,Homo sapiens,Patient#10,ABI_SOLID,2014-07-11T00:00:00Z,GSM1253399,CL,CTCs,SRP032343
SRR1020205,Brx61_1_CL4_032012,RNA-Seq,50,166351300,PRJNA225522,SAMN02387088,95398489,GEO,public,sra,"gs,ncbi,s3","gs.US,ncbi.public,s3.us-east-1",SRX369434,GSM1253400,AB 5500xl Genetic Analyzer,SINGLE,cDNA,TRANSCRIPTOMIC,Homo sapiens,Patient#8,ABI_SOLID,2014-07-11T00:00:00Z,GSM1253400,CL,CTCs,SRP032343
SRR1020206,Brx61_1_CL4_032012,RNA-Seq,50,150994400,PRJNA225522,SAMN02387088,86337992,GEO,public,sra,"gs,ncbi,s3","gs.US,ncbi.public,s3.us-east-1",SRX369434,GSM1253400,AB 5500xl Genetic Analyzer,SINGLE,cDNA,TRANSCRIPTOMIC,Homo sapiens,Patient#8,ABI_SOLID,2014-07-11T00:00:00Z,GSM1253400,CL,CTCs,SRP032343
SRR1020207,Brx61_1_CL4_032012,RNA-Seq,50,153951300,PRJNA225522,SAMN02387088,89078455,GEO,public,sra,"gs,ncbi,s3","gs.US,ncbi.public,s3.us-east-1",SRX369434,GSM1253400,AB 5500xl Genetic Analyzer,SINGLE,cDNA,TRANSCRIPTOMIC,Homo sapiens,Patient#8,ABI_SOLID,2014-07-11T00:00:00Z,GSM1253400,CL,CTCs,SRP032343
SRR1020208,Brx61_1_CL4_032012,RNA-Seq,50,154560200,PRJNA225522,SAMN02387088,89639288,GEO,public,sra,"gs,ncbi,s3","gs.US,ncbi.public,s3.us-east-1",SRX369434,GSM1253400,AB 5500xl Genetic Analyzer,SINGLE,cDNA,TRANSCRIPTOMIC,Homo sapiens,Patient#8,ABI_SOLID,2014-07-11T00:00:00Z,GSM1253400,CL,CTCs,SRP032343
SRR1020209,Brx61_1_CL4_032012,RNA-Seq,50,149703750,PRJNA225522,SAMN02387088,85860588,GEO,public,sra,"gs,ncbi,s3","gs.US,ncbi.public,s3.us-east-1",SRX369434,GSM1253400,AB 5500xl Genetic Analyzer,SINGLE,cDNA,TRANSCRIPTOMIC,Homo sapiens,Patient#8,ABI_SOLID,2014-07-11T00:00:00Z,GSM1253400,CL,CTCs,SRP032343
SRR1020210,Brx61_1_CL4_032012,RNA-Seq,50,141228900,PRJNA225522,SAMN02387088,81199655,GEO,public,sra,"gs,ncbi,s3","gs.US,ncbi.public,s3.us-east-1",SRX369434,GSM1253400,AB 5500xl Genetic Analyzer,SINGLE,cDNA,TRANSCRIPTOMIC,Homo sapiens,Patient#8,ABI_SOLID,2014-07-11T00:00:00Z,GSM1253400,CL,CTCs,SRP032343
SRR1020211,Brx61_1_CL5_032012,RNA-Seq,50,136419900,PRJNA225522,SAMN02387092,80326684,GEO,public,sra,"gs,ncbi,s3","gs.US,ncbi.public,s3.us-east-1",SRX369435,GSM1253401,AB 5500xl Genetic Analyzer,SINGLE,cDNA,TRANSCRIPTOMIC,Homo sapiens,Patient#8,ABI_SOLID,2014-07-11T00:00:00Z,GSM1253401,CL,CTCs,SRP032343
SRR1020212,Brx61_1_CL5_032012,RNA-Seq,50,123063050,PRJNA225522,SAMN02387092,72031430,GEO,public,sra,"gs,ncbi,s3","gs.US,ncbi.public,s3.us-east-1",SRX369435,GSM1253401,AB 5500xl Genetic Analyzer,SINGLE,cDNA,TRANSCRIPTOMIC,Homo sapiens,Patient#8,ABI_SOLID,2014-07-11T00:00:00Z,GSM1253401,CL,CTCs,SRP032343
SRR1020213,Brx61_1_CL5_032012,RNA-Seq,50,125358900,PRJNA225522,SAMN02387092,74128871,GEO,public,sra,"gs,ncbi,s3","gs.US,ncbi.public,s3.us-east-1",SRX369435,GSM1253401,AB 5500xl Genetic Analyzer,SINGLE,cDNA,TRANSCRIPTOMIC,Homo sapiens,Patient#8,ABI_SOLID,2014-07-11T00:00:00Z,GSM1253401,CL,CTCs,SRP032343
SRR1020214,Brx61_1_CL5_032012,RNA-Seq,50,126283500,PRJNA225522,SAMN02387092,74713904,GEO,public,sra,"gs,ncbi,s3","gs.US,ncbi.public,s3.us-east-1",SRX369435,GSM1253401,AB 5500xl Genetic Analyzer,SINGLE,cDNA,TRANSCRIPTOMIC,Homo sapiens,Patient#8,ABI_SOLID,2014-07-11T00:00:00Z,GSM1253401,CL,CTCs,SRP032343
SRR1020215,Brx61_1_CL5_032012,RNA-Seq,50,122937850,PRJNA225522,SAMN02387092,72303292,GEO,public,sra,"gs,ncbi,s3","gs.US,ncbi.public,s3.us-east-1",SRX369435,GSM1253401,AB 5500xl Genetic Analyzer,SINGLE,cDNA,TRANSCRIPTOMIC,Homo sapiens,Patient#8,ABI_SOLID,2014-07-11T00:00:00Z,GSM1253401,CL,CTCs,SRP032343
SRR1020216,Brx61_1_CL5_032012,RNA-Seq,50,115502000,PRJNA225522,SAMN02387092,68158515,GEO,public,sra,"gs,ncbi,s3","gs.US,ncbi.public,s3.us-east-1",SRX369435,GSM1253401,AB 5500xl Genetic Analyzer,SINGLE,cDNA,TRANSCRIPTOMIC,Homo sapiens,Patient#8,ABI_SOLID,2014-07-11T00:00:00Z,GSM1253401,CL,CTCs,SRP032343
SRR1020217,Brx61_1_SC2_032012,RNA-Seq,50,161096000,PRJNA225522,SAMN02387090,92665718,GEO,public,sra,"gs,ncbi,s3","gs.US,ncbi.public,s3.us-east-1",SRX369436,GSM1253402,AB 5500xl Genetic Analyzer,SINGLE,cDNA,TRANSCRIPTOMIC,Homo sapiens,Patient#8,ABI_SOLID,2014-07-11T00:00:00Z,GSM1253402,SC,CTCs,SRP032343
SRR1020218,Brx61_1_SC2_032012,RNA-Seq,50,145764100,PRJNA225522,SAMN02387090,83110003,GEO,public,sra,"gs,ncbi,s3","gs.US,ncbi.public,s3.us-east-1",SRX369436,GSM1253402,AB 5500xl Genetic Analyzer,SINGLE,cDNA,TRANSCRIPTOMIC,Homo sapiens,Patient#8,ABI_SOLID,2014-07-11T00:00:00Z,GSM1253402,SC,CTCs,SRP032343
SRR1020219,Brx61_1_SC2_032012,RNA-Seq,50,147963550,PRJNA225522,SAMN02387090,85440464,GEO,public,sra,"gs,ncbi,s3","gs.US,ncbi.public,s3.us-east-1",SRX369436,GSM1253402,AB 5500xl Genetic Analyzer,SINGLE,cDNA,TRANSCRIPTOMIC,Homo sapiens,Patient#8,ABI_SOLID,2014-07-11T00:00:00Z,GSM1253402,SC,CTCs,SRP032343
SRR1020220,Brx61_1_SC2_032012,RNA-Seq,50,150890000,PRJNA225522,SAMN02387090,87204116,GEO,public,sra,"gs,ncbi,s3","gs.US,ncbi.public,s3.us-east-1",SRX369436,GSM1253402,AB 5500xl Genetic Analyzer,SINGLE,cDNA,TRANSCRIPTOMIC,Homo sapiens,Patient#8,ABI_SOLID,2014-07-11T00:00:00Z,GSM1253402,SC,CTCs,SRP032343
SRR1020221,Brx61_1_SC2_032012,RNA-Seq,50,145824800,PRJNA225522,SAMN02387090,83706443,GEO,public,sra,"gs,ncbi,s3","gs.US,ncbi.public,s3.us-east-1",SRX369436,GSM1253402,AB 5500xl Genetic Analyzer,SINGLE,cDNA,TRANSCRIPTOMIC,Homo sapiens,Patient#8,ABI_SOLID,2014-07-11T00:00:00Z,GSM1253402,SC,CTCs,SRP032343
SRR1020222,Brx61_1_SC2_032012,RNA-Seq,50,135784650,PRJNA225522,SAMN02387090,78155778,GEO,public,sra,"gs,ncbi,s3","gs.US,ncbi.public,s3.us-east-1",SRX369436,GSM1253402,AB 5500xl Genetic Analyzer,SINGLE,cDNA,TRANSCRIPTOMIC,Homo sapiens,Patient#8,ABI_SOLID,2014-07-11T00:00:00Z,GSM1253402,SC,CTCs,SRP032343
SRR1020223,Brx61_1_SC4_032012,RNA-Seq,50,141798500,PRJNA225522,SAMN02387091,81055101,GEO,public,sra,"gs,ncbi,s3","gs.US,ncbi.public,s3.us-east-1",SRX369437,GSM1253403,AB 5500xl Genetic Analyzer,SINGLE,cDNA,TRANSCRIPTOMIC,Homo sapiens,Patient#8,ABI_SOLID,2014-07-11T00:00:00Z,GSM1253403,SC,CTCs,SRP032343
SRR1020224,Brx61_1_SC4_032012,RNA-Seq,50,129067300,PRJNA225522,SAMN02387091,73379874,GEO,public,sra,"gs,ncbi,s3","gs.US,ncbi.public,s3.us-east-1",SRX369437,GSM1253403,AB 5500xl Genetic Analyzer,SINGLE,cDNA,TRANSCRIPTOMIC,Homo sapiens,Patient#8,ABI_SOLID,2014-07-11T00:00:00Z,GSM1253403,SC,CTCs,SRP032343
SRR1020225,Brx61_1_SC4_032012,RNA-Seq,50,131409850,PRJNA225522,SAMN02387091,75537785,GEO,public,sra,"gs,ncbi,s3","gs.US,ncbi.public,s3.us-east-1",SRX369437,GSM1253403,AB 5500xl Genetic Analyzer,SINGLE,cDNA,TRANSCRIPTOMIC,Homo sapiens,Patient#8,ABI_SOLID,2014-07-11T00:00:00Z,GSM1253403,SC,CTCs,SRP032343
SRR1020226,Brx61_1_SC4_032012,RNA-Seq,50,132594450,PRJNA225522,SAMN02387091,76411700,GEO,public,sra,"gs,ncbi,s3","gs.US,ncbi.public,s3.us-east-1",SRX369437,GSM1253403,AB 5500xl Genetic Analyzer,SINGLE,cDNA,TRANSCRIPTOMIC,Homo sapiens,Patient#8,ABI_SOLID,2014-07-11T00:00:00Z,GSM1253403,SC,CTCs,SRP032343
SRR1020227,Brx61_1_SC4_032012,RNA-Seq,50,129124450,PRJNA225522,SAMN02387091,73834791,GEO,public,sra,"gs,ncbi,s3","gs.US,ncbi.public,s3.us-east-1",SRX369437,GSM1253403,AB 5500xl Genetic Analyzer,SINGLE,cDNA,TRANSCRIPTOMIC,Homo sapiens,Patient#8,ABI_SOLID,2014-07-11T00:00:00Z,GSM1253403,SC,CTCs,SRP032343
SRR1020228,Brx61_1_SC4_032012,RNA-Seq,50,121659800,PRJNA225522,SAMN02387091,69961013,GEO,public,sra,"gs,ncbi,s3","gs.US,ncbi.public,s3.us-east-1",SRX369437,GSM1253403,AB 5500xl Genetic Analyzer,SINGLE,cDNA,TRANSCRIPTOMIC,Homo sapiens,Patient#8,ABI_SOLID,2014-07-11T00:00:00Z,GSM1253403,SC,CTCs,SRP032343
